standard_Rk,Player,standard_Nation,standard_Pos,standard_Squad,standard_Age,standard_Born,standard_Playing Time_MP,standard_Playing Time_Starts,standard_Playing Time_Min,standard_Playing Time_90s,standard_Performance_Gls,standard_Performance_Ast,standard_Performance_G+A,standard_Performance_G-PK,standard_Performance_PK,standard_Performance_PKatt,standard_Performance_CrdY,standard_Performance_CrdR,standard_Per 90 Minutes_Gls,standard_Per 90 Minutes_Ast,standard_Per 90 Minutes_G+A,standard_Per 90 Minutes_G-PK,standard_Per 90 Minutes_G+A-PK,standard_Matches,keepers_Rk,keepers_Nation,keepers_Pos,keepers_Squad,keepers_Age,keepers_Born,keepers_Playing Time_MP,keepers_Playing Time_Starts,keepers_Playing Time_Min,keepers_Playing Time_90s,keepers_Performance_GA,keepers_Performance_GA90,keepers_Performance_SoTA,keepers_Performance_Saves,keepers_Performance_Save%,keepers_Performance_W,keepers_Performance_D,keepers_Performance_L,keepers_Performance_CS,keepers_Performance_CS%,keepers_Penalty Kicks_PKatt,keepers_Penalty Kicks_PKA,keepers_Penalty Kicks_PKsv,keepers_Penalty Kicks_PKm,keepers_Penalty Kicks_Save%,keepers_Matches,shooting_Rk,shooting_Nation,shooting_Pos,shooting_Squad,shooting_Age,shooting_Born,shooting_90s,shooting_Standard_Gls,shooting_Standard_Sh,shooting_Standard_SoT,shooting_Standard_SoT%,shooting_Standard_Sh/90,shooting_Standard_SoT/90,shooting_Standard_G/Sh,shooting_Standard_G/SoT,shooting_Standard_PK,shooting_Standard_PKatt,shooting_Matches,playingtime_Rk,playingtime_Nation,playingtime_Pos,playingtime_Squad,playingtime_Age,playingtime_Born,playingtime_Playing Time_MP,playingtime_Playing Time_Min,playingtime_Playing Time_Mn/MP,playingtime_Playing Time_Min%,playingtime_Playing Time_90s,playingtime_Starts_Starts,playingtime_Starts_Mn/Start,playingtime_Starts_Compl,playingtime_Subs_Subs,playingtime_Subs_Mn/Sub,playingtime_Subs_unSub,playingtime_Team Success_PPM,playingtime_Team Success_onG,playingtime_Team Success_onGA,playingtime_Team Success_+/-,playingtime_Team Success_+/-90,playingtime_Team Success_On-Off,playingtime_Matches,misc_Rk,misc_Nation,misc_Pos,misc_Squad,misc_Age,misc_Born,misc_90s,misc_Performance_CrdY,misc_Performance_CrdR,misc_Performance_2CrdY,misc_Performance_Fls,misc_Performance_Fld,misc_Performance_Off,misc_Performance_Crs,misc_Performance_Int,misc_Performance_TklW,misc_Performance_PKwon,misc_Performance_PKcon,misc_Performance_OG,misc_Matches
1,Ahmed Abdullahi,ng NGA,FW,Eyüpspor,22-090,2004,5,5,381,4.2,1,0,1,1,0,0,0,0,0.24,0.00,0.24,0.24,0.24,Matches,,,,,,,,,,,,,,,,,,,,,,,,,,,1,ng NGA,FW,Eyüpspor,22-090,2004,4.2,1,3,1,33.3,0.71,0.24,0.33,1.00,0,0,Matches,2,ng NGA,FW,Eyüpspor,22-090,2004,5,381,76,84.7,4.2,5,76,2,0,,0,0.60,1,7,-6,-1.42,-1.42,Matches,1,ng NGA,FW,Eyüpspor,22-090,2004,4.2,0,0,0,8,9,0,1,1,2,,,0,Matches
2,Myenty Abena,sr SUR,DF,Gaziantep,31-279,1994,5,5,450,5.0,1,0,1,1,0,0,2,0,0.20,0.00,0.20,0.20,0.20,Matches,,,,,,,,,,,,,,,,,,,,,,,,,,,2,sr SUR,DF,Gaziantep,31-279,1994,5.0,1,1,1,100.0,0.20,0.20,1.00,1.00,0,0,Matches,3,sr SUR,DF,Gaziantep,31-279,1994,5,450,90,100.0,5.0,5,90,5,0,,0,1.60,7,5,+2,+0.40,,Matches,2,sr SUR,DF,Gaziantep,31-279,1994,5.0,2,0,0,7,3,1,0,4,3,,,0,Matches
3,Miraç Acer,,DF,Amedspor,30-045,1996,1,0,3,0.0,0,0,0,0,0,0,0,0,0.00,0.00,0.00,0.00,0.00,Matches,,,,,,,,,,,,,,,,,,,,,,,,,,,3,,DF,Amedspor,30-045,1996,0.0,0,0,0,,0.00,0.00,,,0,0,Matches,4,,DF,Amedspor,30-045,1996,1,3,3,0.7,0.0,0,,0,1,3,4,3.00,0,0,0,0.00,-1.41,Matches,3,,DF,Amedspor,30-045,1996,0.0,0,0,0,0,0,0,0,0,0,,,0,Matches
4,Emmanuel Agbadou,ci CIV,DF,Beşiktaş,29-092,1997,5,5,450,5.0,0,1,1,0,0,0,0,0,0.00,0.20,0.20,0.00,0.20,Matches,,,,,,,,,,,,,,,,,,,,,,,,,,,4,ci CIV,DF,Beşiktaş,29-092,1997,5.0,0,1,0,0.0,0.20,0.00,0.00,,0,0,Matches,5,ci CIV,DF,Beşiktaş,29-092,1997,5,450,90,100.0,5.0,5,90,5,0,,0,2.40,12,4,+8,+1.60,,Matches,4,ci CIV,DF,Beşiktaş,29-092,1997,5.0,0,0,0,12,1,0,0,7,5,,,0,Matches
5,Dan Agyei,gh GHA,"FW,MF",Kocaelispor,29-108,1997,5,5,360,4.0,0,0,0,0,0,0,1,0,0.00,0.00,0.00,0.00,0.00,Matches,,,,,,,,,,,,,,,,,,,,,,,,,,,5,gh GHA,"FW,MF",Kocaelispor,29-108,1997,4.0,0,6,4,66.7,1.50,1.00,0.00,0.00,0,0,Matches,6,gh GHA,"FW,MF",Kocaelispor,29-108,1997,5,360,72,80.0,4.0,5,72,0,0,,0,1.80,4,3,+1,+0.25,+0.25,Matches,5,gh GHA,"FW,MF",Kocaelispor,29-108,1997,4.0,1,0,0,5,4,4,8,0,3,,,0,Matches
6,Samet Akaydın,tr TUR,DF,Trabzonspor,32-188,1994,1,0,8,0.1,0,0,0,0,0,0,0,0,0.00,0.00,0.00,0.00,0.00,Matches,,,,,,,,,,,,,,,,,,,,,,,,,,,6,tr TUR,DF,Trabzonspor,32-188,1994,0.1,0,0,0,,0.00,0.00,,,0,0,Matches,8,tr TUR,DF,Trabzonspor,32-188,1994,1,8,8,1.8,0.1,0,,0,1,8,4,3.00,0,0,0,0.00,-0.81,Matches,6,tr TUR,DF,Trabzonspor,32-188,1994,0.1,0,0,0,0,0,0,0,0,0,,,0,Matches
7,Ümit Akdag,ro ROU,DF,Alanyaspor,22-346,2003,3,3,270,3.0,0,0,0,0,0,0,1,0,0.00,0.00,0.00,0.00,0.00,Matches,,,,,,,,,,,,,,,,,,,,,,,,,,,7,ro ROU,DF,Alanyaspor,22-346,2003,3.0,0,0,0,,0.00,0.00,,,0,0,Matches,9,ro ROU,DF,Alanyaspor,22-346,2003,3,270,90,60.0,3.0,3,90,3,0,,0,1.33,3,3,0,0.00,-0.50,Matches,7,ro ROU,DF,Alanyaspor,22-346,2003,3.0,1,0,0,5,1,0,6,2,3,,,0,Matches
8,Nathan Aké,nl NED,DF,Fenerbahçe,31-211,1995,5,5,450,5.0,0,0,0,0,0,0,0,0,0.00,0.00,0.00,0.00,0.00,Matches,,,,,,,,,,,,,,,,,,,,,,,,,,,8,nl NED,DF,Fenerbahçe,31-211,1995,5.0,0,2,1,50.0,0.40,0.20,0.00,0.00,0,0,Matches,11,nl NED,DF,Fenerbahçe,31-211,1995,5,450,90,100.0,5.0,5,90,5,0,,0,1.40,8,6,+2,+0.40,,Matches,8,nl NED,DF,Fenerbahçe,31-211,1995,5.0,0,0,0,5,2,0,0,3,3,,,0,Matches
9,Sefa Akgün,tr TUR,MF,Erzurum BB,26-079,2000,3,1,111,1.2,0,0,0,0,0,0,0,0,0.00,0.00,0.00,0.00,0.00,Matches,,,,,,,,,,,,,,,,,,,,,,,,,,,9,tr TUR,MF,Erzurum BB,26-079,2000,1.2,0,0,0,,0.00,0.00,,,0,0,Matches,12,tr TUR,MF,Erzurum BB,26-079,2000,3,111,37,24.7,1.2,1,63,0,2,24,2,1.00,0,3,-3,-2.43,-0.84,Matches,9,tr TUR,MF,Erzurum BB,26-079,2000,1.2,0,0,0,1,0,0,6,0,1,,,0,Matches
10,Yunus Akgün,tr TUR,MF,Galatasaray,26-072,2000,5,5,401,4.5,1,0,1,1,0,0,1,0,0.22,0.00,0.22,0.22,0.22,Matches,,,,,,,,,,,,,,,,,,,,,,,,,,,10,tr TUR,MF,Galatasaray,26-072,2000,4.5,1,11,4,36.4,2.47,0.90,0.09,0.25,0,0,Matches,13,tr TUR,MF,Galatasaray,26-072,2000,5,401,80,89.1,4.5,5,80,2,0,,0,2.60,12,6,+6,+1.35,-0.49,Matches,10,tr TUR,MF,Galatasaray,26-072,2000,4.5,1,0,0,2,11,1,15,3,2,,,0,Matches
11,Hamza Akman,tr TUR,MF,Eyüpspor,21-355,2004,4,0,84,0.9,0,0,0,0,0,0,0,0,0.00,0.00,0.00,0.00,0.00,Matches,,,,,,,,,,,,,,,,,,,,,,,,,,,11,tr TUR,MF,Eyüpspor,21-355,2004,0.9,0,1,0,0.0,1.07,0.00,0.00,,0,0,Matches,15,tr TUR,MF,Eyüpspor,21-355,2004,4,84,21,18.7,0.9,0,,0,4,21,1,0.75,1,2,-1,-1.07,+0.16,Matches,11,tr TUR,MF,Eyüpspor,21-355,2004,0.9,0,0,0,0,1,0,1,0,0,,,0,Matches
12,Richard Akonnor,ae UAE,MF,Göztepe,22-223,2004,4,3,248,2.8,0,0,0,0,0,0,1,0,0.00,0.00,0.00,0.00,0.00,Matches,,,,,,,,,,,,,,,,,,,,,,,,,,,12,ae UAE,MF,Göztepe,22-223,2004,2.8,0,4,1,25.0,1.45,0.36,0.00,0.00,0,0,Matches,16,ae UAE,MF,Göztepe,22-223,2004,4,248,62,55.1,2.8,3,74,1,1,27,0,0.25,4,9,-5,-1.81,-2.26,Matches,12,ae UAE,MF,Göztepe,22-223,2004,2.8,1,0,0,4,3,0,16,5,4,,,0,Matches
13,Fatih Aksoy,tr TUR,"MF,DF",Alanyaspor,28-315,1997,2,2,170,1.9,0,0,0,0,0,0,0,0,0.00,0.00,0.00,0.00,0.00,Matches,,,,,,,,,,,,,,,,,,,,,,,,,,,13,tr TUR,"MF,DF",Alanyaspor,28-315,1997,1.9,0,2,0,0.0,1.06,0.00,0.00,,0,0,Matches,17,tr TUR,"MF,DF",Alanyaspor,28-315,1997,2,170,85,37.8,1.9,2,85,1,0,,3,2.00,3,2,+1,+0.53,+0.53,Matches,13,tr TUR,"MF,DF",Alanyaspor,28-315,1997,1.9,0,0,0,0,1,0,0,4,2,,,0,Matches
14,Kerem Aktürkoğlu,tr TUR,"MF,FW",Fenerbahçe,27-331,1998,4,2,187,2.1,0,0,0,0,0,0,1,0,0.00,0.00,0.00,0.00,0.00,Matches,,,,,,,,,,,,,,,,,,,,,,,,,,,14,tr TUR,"MF,FW",Fenerbahçe,27-331,1998,2.1,0,6,1,16.7,2.89,0.48,0.00,0.00,0,0,Matches,18,tr TUR,"MF,FW",Fenerbahçe,27-331,1998,4,187,47,41.6,2.1,2,58,0,2,36,0,1.00,4,2,+2,+0.96,+0.96,Matches,14,tr TUR,"MF,FW",Fenerbahçe,27-331,1998,2.1,1,0,0,2,8,0,15,1,1,,,0,Matches
15,Enes Albak,tr TUR,DF,Samsunspor,21-124,2005,1,0,22,0.2,0,0,0,0,0,0,0,0,0.00,0.00,0.00,0.00,0.00,Matches,,,,,,,,,,,,,,,,,,,,,,,,,,,15,tr TUR,DF,Samsunspor,21-124,2005,0.2,0,1,0,0.0,4.09,0.00,0.00,,0,0,Matches,19,tr TUR,DF,Samsunspor,21-124,2005,1,22,22,4.9,0.2,0,,0,1,22,4,0.00,0,0,0,0.00,+1.05,Matches,15,tr TUR,DF,Samsunspor,21-124,2005,0.2,0,0,0,1,0,0,0,1,1,,,0,Matches
16,Ömer Ali Şahiner,tr TUR,DF,Başakşehir,34-258,1992,5,5,376,4.2,0,0,0,0,0,0,1,0,0.00,0.00,0.00,0.00,0.00,Matches,,,,,,,,,,,,,,,,,,,,,,,,,,,16,tr TUR,DF,Başakşehir,34-258,1992,4.2,0,1,0,0.0,0.24,0.00,0.00,,0,0,Matches,21,tr TUR,DF,Başakşehir,34-258,1992,5,376,75,83.6,4.2,5,75,2,0,,0,0.80,6,6,0,0.00,+6.08,Matches,16,tr TUR,DF,Başakşehir,34-258,1992,4.2,1,0,0,9,3,0,6,4,3,,,0,Matches
17,Fidan Aliti,xk KVX,DF,Alanyaspor,32-349,1993,5,5,450,5.0,0,0,0,0,0,0,1,0,0.00,0.00,0.00,0.00,0.00,Matches,,,,,,,,,,,,,,,,,,,,,,,,,,,17,xk KVX,DF,Alanyaspor,32-349,1993,5.0,0,0,0,,0.00,0.00,,,0,0,Matches,22,xk KVX,DF,Alanyaspor,32-349,1993,5,450,90,100.0,5.0,5,90,5,0,,0,1.60,6,5,+1,+0.20,,Matches,17,xk KVX,DF,Alanyaspor,32-349,1993,5.0,1,0,0,7,6,0,2,12,2,,,0,Matches
18,Sinan Alkaş,,FW,Kasımpaşa,19-314,2006,1,0,1,0.0,0,0,0,0,0,0,0,0,0.00,0.00,0.00,0.00,0.00,Matches,,,,,,,,,,,,,,,,,,,,,,,,,,,18,,FW,Kasımpaşa,19-314,2006,0.0,0,0,0,,0.00,0.00,,,0,0,Matches,23,,FW,Kasımpaşa,19-314,2006,1,1,1,0.2,0.0,0,,0,1,1,3,1.00,0,0,0,0.00,-0.40,Matches,18,,FW,Kasımpaşa,19-314,2006,0.0,0,0,0,0,0,0,0,0,0,,,0,Matches
19,Barış Alper Yılmaz,tr TUR,MF,Galatasaray,26-117,2000,5,4,400,4.4,0,0,0,0,0,0,1,0,0.00,0.00,0.00,0.00,0.00,Matches,,,,,,,,,,,,,,,,,,,,,,,,,,,19,tr TUR,MF,Galatasaray,26-117,2000,4.4,0,9,1,11.1,2.03,0.23,0.00,0.00,0,0,Matches,24,tr TUR,MF,Galatasaray,26-117,2000,5,400,80,88.9,4.4,4,86,3,1,58,0,2.60,12,6,+6,+1.35,-0.45,Matches,19,tr TUR,MF,Galatasaray,26-117,2000,4.4,1,0,0,5,11,0,15,2,2,,,0,Matches
20,Taha Altıkardeş,tr TUR,DF,Göztepe,23-026,2003,5,5,450,5.0,0,0,0,0,0,0,0,0,0.00,0.00,0.00,0.00,0.00,Matches,,,,,,,,,,,,,,,,,,,,,,,,,,,20,tr TUR,DF,Göztepe,23-026,2003,5.0,0,5,0,0.0,1.00,0.00,0.00,,0,0,Matches,25,tr TUR,DF,Göztepe,23-026,2003,5,450,90,100.0,5.0,5,90,5,0,,0,0.40,9,13,-4,-0.80,,Matches,20,tr TUR,DF,Göztepe,23-026,2003,5.0,0,0,0,3,3,0,9,4,3,,,0,Matches
21,Metehan Altunbaş,tr TUR,FW,Kocaelispor,23-253,2003,5,0,77,0.9,1,0,1,1,0,0,0,0,1.17,0.00,1.17,1.17,1.17,Matches,,,,,,,,,,,,,,,,,,,,,,,,,,,21,tr TUR,FW,Kocaelispor,23-253,2003,0.9,1,5,2,40.0,5.84,2.34,0.20,0.50,0,0,Matches,26,tr TUR,FW,Kocaelispor,23-253,2003,5,77,15,17.1,0.9,0,,0,5,15,0,1.80,3,1,+2,+2.34,+2.58,Matches,21,tr TUR,FW,Kocaelispor,23-253,2003,0.9,0,0,0,2,1,0,0,0,1,,,0,Matches
22,Michael Amir Murillo,pa PAN,DF,Beşiktaş,30-218,1996,4,3,271,3.0,1,0,1,1,0,0,0,0,0.33,0.00,0.33,0.33,0.33,Matches,,,,,,,,,,,,,,,,,,,,,,,,,,,22,pa PAN,DF,Beşiktaş,30-218,1996,3.0,1,4,1,25.0,1.33,0.33,0.25,1.00,0,0,Matches,27,pa PAN,DF,Beşiktaş,30-218,1996,4,271,68,60.2,3.0,3,87,2,1,9,1,2.25,11,3,+8,+2.66,+2.66,Matches,22,pa PAN,DF,Beşiktaş,30-218,1996,3.0,0,0,0,4,5,1,7,1,2,,,0,Matches
23,Charles André Raux,fr FRA,MF,Eyüpspor,24-306,2001,5,4,375,4.2,0,0,0,0,0,0,2,0,0.00,0.00,0.00,0.00,0.00,Matches,,,,,,,,,,,,,,,,,,,,,,,,,,,23,fr FRA,MF,Eyüpspor,24-306,2001,4.2,0,4,1,25.0,0.96,0.24,0.00,0.00,0,0,Matches,29,fr FRA,MF,Eyüpspor,24-306,2001,5,375,75,83.3,4.2,4,83,2,1,45,0,0.60,1,6,-5,-1.20,0.00,Matches,23,fr FRA,MF,Eyüpspor,24-306,2001,4.2,2,0,0,7,18,0,6,3,1,,,0,Matches
24,Yhoan Andzouana,cg CGO,DF,Konyaspor,29-278,1996,5,4,374,4.2,0,1,1,0,0,0,0,0,0.00,0.24,0.24,0.00,0.24,Matches,,,,,,,,,,,,,,,,,,,,,,,,,,,24,cg CGO,DF,Konyaspor,29-278,1996,4.2,0,2,1,50.0,0.48,0.24,0.00,0.00,0,0,Matches,30,cg CGO,DF,Konyaspor,29-278,1996,5,374,75,83.1,4.2,4,90,4,1,14,0,0.60,3,8,-5,-1.20,-2.39,Matches,24,cg CGO,DF,Konyaspor,29-278,1996,4.2,0,0,0,3,3,0,15,10,3,,,0,Matches
25,Seyfettin Anıl Yaşar,tr TUR,DF,Eyüpspor,24-078,2002,2,1,118,1.3,0,0,0,0,0,0,1,0,0.00,0.00,0.00,0.00,0.00,Matches,,,,,,,,,,,,,,,,,,,,,,,,,,,25,tr TUR,DF,Eyüpspor,24-078,2002,1.3,0,1,1,100.0,0.76,0.76,0.00,0.00,0,0,Matches,31,tr TUR,DF,Eyüpspor,24-078,2002,2,118,59,26.2,1.3,1,73,0,1,45,3,0.00,0,2,-2,-1.53,-0.44,Matches,25,tr TUR,DF,Eyüpspor,24-078,2002,1.3,1,0,0,3,0,0,0,2,2,,,0,Matches
26,Faustino Anjorin,eng ENG,MF,Göztepe,24-298,2001,2,0,39,0.4,0,0,0,0,0,0,0,0,0.00,0.00,0.00,0.00,0.00,Matches,,,,,,,,,,,,,,,,,,,,,,,,,,,26,eng ENG,MF,Göztepe,24-298,2001,0.4,0,1,0,0.0,2.31,0.00,0.00,,0,0,Matches,32,eng ENG,MF,Göztepe,24-298,2001,2,39,20,8.7,0.4,0,,0,2,20,0,0.50,1,0,+1,+2.31,+3.40,Matches,26,eng ENG,MF,Göztepe,24-298,2001,0.4,0,0,0,2,0,0,0,2,1,,,0,Matches
27,Taylan Antalyalı,tr TUR,MF,Rizespor,31-252,1995,5,5,405,4.5,0,0,0,0,0,0,0,0,0.00,0.00,0.00,0.00,0.00,Matches,,,,,,,,,,,,,,,,,,,,,,,,,,,27,tr TUR,MF,Rizespor,31-252,1995,4.5,0,2,0,0.0,0.44,0.00,0.00,,0,0,Matches,33,tr TUR,MF,Rizespor,31-252,1995,5,405,81,90.0,4.5,5,81,1,0,,0,1.80,4,3,+1,+0.22,+0.22,Matches,27,tr TUR,MF,Rizespor,31-252,1995,4.5,0,0,0,2,9,0,2,6,2,,,0,Matches
28,Alexis Antunes,ch SUI,MF,Göztepe,26-048,2000,3,2,163,1.8,0,1,1,0,0,0,0,0,0.00,0.55,0.55,0.00,0.55,Matches,,,,,,,,,,,,,,,,,,,,,,,,,,,28,ch SUI,MF,Göztepe,26-048,2000,1.8,0,5,1,20.0,2.76,0.55,0.00,0.00,0,0,Matches,34,ch SUI,MF,Göztepe,26-048,2000,3,163,54,36.2,1.8,2,59,0,1,45,0,0.67,5,2,+3,+1.66,+3.85,Matches,28,ch SUI,MF,Göztepe,26-048,2000,1.8,0,0,0,3,7,0,9,1,0,,,0,Matches
29,Zakaria Ariss,fr FRA,DF,Rizespor,22-092,2004,4,4,342,3.8,0,0,0,0,0,0,0,0,0.00,0.00,0.00,0.00,0.00,Matches,,,,,,,,,,,,,,,,,,,,,,,,,,,29,fr FRA,DF,Rizespor,22-092,2004,3.8,0,6,1,16.7,1.58,0.26,0.00,0.00,0,0,Matches,36,fr FRA,DF,Rizespor,22-092,2004,4,342,86,76.0,3.8,4,86,2,0,,1,1.50,3,4,-1,-0.26,-1.93,Matches,29,fr FRA,DF,Rizespor,22-092,2004,3.8,0,0,0,4,5,0,8,9,4,,,2,Matches
30,Sinclair Armstrong,ie IRL,FW,Göztepe,23-087,2003,5,2,166,1.8,1,0,1,1,0,0,2,0,0.54,0.00,0.54,0.54,0.54,Matches,,,,,,,,,,,,,,,,,,,,,,,,,,,30,ie IRL,FW,Göztepe,23-087,2003,1.8,1,5,2,40.0,2.71,1.08,0.20,0.50,0,0,Matches,37,ie IRL,FW,Göztepe,23-087,2003,5,166,33,36.9,1.8,2,53,0,3,20,0,0.40,4,2,+2,+1.08,+2.99,Matches,30,ie IRL,FW,Göztepe,23-087,2003,1.8,2,0,0,7,1,1,0,0,1,,,0,Matches
31,Adem Arous,tn TUN,DF,Kasımpaşa,22-062,2004,5,4,361,4.0,0,1,1,0,0,0,0,0,0.00,0.25,0.25,0.00,0.25,Matches,,,,,,,,,,,,,,,,,,,,,,,,,,,31,tn TUN,DF,Kasımpaşa,22-062,2004,4.0,0,1,0,0.0,0.25,0.00,0.00,,0,0,Matches,38,tn TUN,DF,Kasımpaşa,22-062,2004,5,361,72,80.2,4.0,4,90,4,1,1,0,1.80,6,4,+2,+0.50,+0.50,Matches,31,tn TUN,DF,Kasımpaşa,22-062,2004,4.0,0,0,0,3,1,0,1,4,4,,,0,Matches
32,Marco Asensio,es ESP,MF,Fenerbahçe,30-239,1996,2,2,126,1.4,1,0,1,1,0,0,0,0,0.71,0.00,0.71,0.71,0.71,Matches,,,,,,,,,,,,,,,,,,,,,,,,,,,32,es ESP,MF,Fenerbahçe,30-239,1996,1.4,1,2,1,50.0,1.43,0.71,0.50,1.00,0,0,Matches,39,es ESP,MF,Fenerbahçe,30-239,1996,2,126,63,28.0,1.4,2,63,0,0,,0,1.50,5,3,+2,+1.43,+1.43,Matches,32,es ESP,MF,Fenerbahçe,30-239,1996,1.4,0,0,0,0,0,0,10,0,0,,,0,Matches
33,Chidozie Awaziem,ng NGA,DF,Konyaspor,29-259,1997,4,3,266,3.0,0,0,0,0,0,0,2,0,0.00,0.00,0.00,0.00,0.00,Matches,,,,,,,,,,,,,,,,,,,,,,,,,,,33,ng NGA,DF,Konyaspor,29-259,1997,3.0,0,2,0,0.0,0.68,0.00,0.00,,0,0,Matches,42,ng NGA,DF,Konyaspor,29-259,1997,4,266,67,59.1,3.0,3,86,2,1,8,1,0.75,2,7,-5,-1.69,-2.18,Matches,33,ng NGA,DF,Konyaspor,29-259,1997,3.0,2,0,0,1,4,0,0,3,4,,,0,Matches
34,Nəriman Axundzadə,az AZE,MF,Erzurum BB,22-147,2004,3,0,58,0.6,0,0,0,0,0,0,1,0,0.00,0.00,0.00,0.00,0.00,Matches,,,,,,,,,,,,,,,,,,,,,,,,,,,34,az AZE,MF,Erzurum BB,22-147,2004,0.6,0,2,1,50.0,3.10,1.55,0.00,0.00,0,0,Matches,43,az AZE,MF,Erzurum BB,22-147,2004,3,58,19,12.9,0.6,0,,0,3,19,2,0.33,0,1,-1,-1.55,+0.29,Matches,34,az AZE,MF,Erzurum BB,22-147,2004,0.6,1,0,0,1,2,0,1,1,0,,,0,Matches
35,Oğuz Aydın,tr TUR,MF,Fenerbahçe,25-325,2000,5,3,266,3.0,1,1,2,1,0,0,1,0,0.34,0.34,0.68,0.34,0.68,Matches,,,,,,,,,,,,,,,,,,,,,,,,,,,35,tr TUR,MF,Fenerbahçe,25-325,2000,3.0,1,5,3,60.0,1.69,1.02,0.20,0.33,0,0,Matches,47,tr TUR,MF,Fenerbahçe,25-325,2000,5,266,53,59.1,3.0,3,72,0,2,25,0,1.40,4,4,0,0.00,-0.98,Matches,35,tr TUR,MF,Fenerbahçe,25-325,2000,3.0,1,0,0,6,6,1,19,3,3,,,0,Matches
36,Florian Ayé,fr FRA,FW,Kocaelispor,29-241,1997,3,2,189,2.1,1,0,1,1,0,0,0,0,0.48,0.00,0.48,0.48,0.48,Matches,,,,,,,,,,,,,,,,,,,,,,,,,,,36,fr FRA,FW,Kocaelispor,29-241,1997,2.1,1,1,1,100.0,0.48,0.48,1.00,1.00,0,0,Matches,49,fr FRA,FW,Kocaelispor,29-241,1997,3,189,63,42.0,2.1,2,79,0,1,31,0,2.00,3,1,+2,+0.95,+1.30,Matches,36,fr FRA,FW,Kocaelispor,29-241,1997,2.1,0,0,0,2,0,0,0,0,2,,,0,Matches
37,Kaan Ayhan,tr TUR,"DF,MF",Galatasaray,31-311,1994,1,0,2,0.0,0,0,0,0,0,0,0,0,0.00,0.00,0.00,0.00,0.00,Matches,,,,,,,,,,,,,,,,,,,,,,,,,,,37,tr TUR,"DF,MF",Galatasaray,31-311,1994,0.0,0,0,0,,0.00,0.00,,,0,0,Matches,50,tr TUR,"DF,MF",Galatasaray,31-311,1994,1,2,2,0.4,0.0,0,,0,1,2,4,1.00,1,0,+1,+45.00,+43.79,Matches,37,tr TUR,"DF,MF",Galatasaray,31-311,1994,0.0,0,0,0,0,0,0,0,0,0,,,0,Matches
38,Ousseynou Ba,sn SEN,DF,Başakşehir,30-310,1995,1,0,8,0.1,0,0,0,0,0,0,0,0,0.00,0.00,0.00,0.00,0.00,Matches,,,,,,,,,,,,,,,,,,,,,,,,,,,38,sn SEN,DF,Başakşehir,30-310,1995,0.1,0,0,0,,0.00,0.00,,,0,0,Matches,51,sn SEN,DF,Başakşehir,30-310,1995,1,8,8,1.8,0.1,0,,0,1,8,2,0.00,0,1,-1,-11.25,-10.44,Matches,38,sn SEN,DF,Başakşehir,30-310,1995,0.1,0,0,0,0,0,0,0,0,0,,,0,Matches
39,Mame Baba Thiam,sn SEN,"FW,MF",Yeni Çorumspor,33-343,1992,3,0,86,1.0,0,0,0,0,0,0,0,0,0.00,0.00,0.00,0.00,0.00,Matches,,,,,,,,,,,,,,,,,,,,,,,,,,,39,sn SEN,"FW,MF",Yeni Çorumspor,33-343,1992,1.0,0,1,0,0.0,1.05,0.00,0.00,,0,0,Matches,52,sn SEN,"FW,MF",Yeni Çorumspor,33-343,1992,3,86,29,19.1,1.0,0,,0,3,29,0,0.33,1,4,-3,-3.14,-4.38,Matches,39,sn SEN,"FW,MF",Yeni Çorumspor,33-343,1992,1.0,0,0,0,1,0,3,0,1,0,,,0,Matches
40,Juninho Bacuna,cw CUW,MF,Gaziantep,29-041,1997,2,2,132,1.5,0,1,1,0,0,0,1,1,0.00,0.68,0.68,0.00,0.68,Matches,,,,,,,,,,,,,,,,,,,,,,,,,,,40,cw CUW,MF,Gaziantep,29-041,1997,1.5,0,4,0,0.0,2.73,0.00,0.00,,0,0,Matches,54,cw CUW,MF,Gaziantep,29-041,1997,2,132,66,29.3,1.5,2,66,0,0,,1,2.00,2,1,+1,+0.68,+0.40,Matches,40,cw CUW,MF,Gaziantep,29-041,1997,1.5,1,1,0,6,4,0,0,2,4,,,0,Matches
41,Brandon Baiye,be BEL,MF,Erzurum BB,25-264,2000,5,5,450,5.0,0,0,0,0,0,0,0,0,0.00,0.00,0.00,0.00,0.00,Matches,,,,,,,,,,,,,,,,,,,,,,,,,,,41,be BEL,MF,Erzurum BB,25-264,2000,5.0,0,1,1,100.0,0.20,0.20,0.00,0.00,0,0,Matches,55,be BEL,MF,Erzurum BB,25-264,2000,5,450,90,100.0,5.0,5,90,5,0,,0,0.80,2,11,-9,-1.80,,Matches,41,be BEL,MF,Erzurum BB,25-264,2000,5.0,0,0,0,6,0,0,0,4,6,,,0,Matches
42,Siaka Bakayoko,ci CIV,DF,Rizespor,21-114,2005,2,0,20,0.2,0,0,0,0,0,0,0,0,0.00,0.00,0.00,0.00,0.00,Matches,,,,,,,,,,,,,,,,,,,,,,,,,,,42,ci CIV,DF,Rizespor,21-114,2005,0.2,0,0,0,,0.00,0.00,,,0,0,Matches,56,ci CIV,DF,Rizespor,21-114,2005,2,20,10,4.4,0.2,0,,0,2,10,3,1.50,1,0,+1,+4.50,+4.50,Matches,42,ci CIV,DF,Rizespor,21-114,2005,0.2,0,0,0,0,1,0,1,1,0,,,0,Matches
43,Makana Baku,de GER,"MF,FW",Kocaelispor,28-162,1998,5,3,316,3.5,0,0,0,0,0,0,0,0,0.00,0.00,0.00,0.00,0.00,Matches,,,,,,,,,,,,,,,,,,,,,,,,,,,43,de GER,"MF,FW",Kocaelispor,28-162,1998,3.5,0,5,2,40.0,1.42,0.57,0.00,0.00,0,0,Matches,57,de GER,"MF,FW",Kocaelispor,28-162,1998,5,316,63,70.2,3.5,3,80,1,2,39,0,1.80,2,4,-2,-0.57,-2.58,Matches,43,de GER,"MF,FW",Kocaelispor,28-162,1998,3.5,0,0,0,3,6,1,0,5,3,,,0,Matches
44,Samuel Ballet,ch SUI,MF,Amedspor,25-189,2001,5,4,333,3.7,0,1,1,0,0,0,1,0,0.00,0.27,0.27,0.00,0.27,Matches,,,,,,,,,,,,,,,,,,,,,,,,,,,44,ch SUI,MF,Amedspor,25-189,2001,3.7,0,10,2,20.0,2.70,0.54,0.00,0.00,0,0,Matches,58,ch SUI,MF,Amedspor,25-189,2001,5,333,67,74.0,3.7,4,77,1,1,27,0,2.00,9,4,+5,+1.35,-0.19,Matches,44,ch SUI,MF,Amedspor,25-189,2001,3.7,1,0,0,12,9,2,7,1,4,,,0,Matches
45,Metehan Baltacı,tr TUR,DF,Gençlerbirliği,23-318,2002,3,0,13,0.1,0,0,0,0,0,0,0,0,0.00,0.00,0.00,0.00,0.00,Matches,,,,,,,,,,,,,,,,,,,,,,,,,,,45,tr TUR,DF,Gençlerbirliği,23-318,2002,0.1,0,0,0,,0.00,0.00,,,0,0,Matches,59,tr TUR,DF,Gençlerbirliği,23-318,2002,3,13,4,2.9,0.1,0,,0,3,4,1,1.33,0,1,-1,-6.92,-6.31,Matches,45,tr TUR,DF,Gençlerbirliği,23-318,2002,0.1,0,0,0,0,0,0,0,0,0,,,0,Matches
46,Rayyan Baniya,,DF,Konyaspor,27-211,1999,4,2,190,2.1,0,0,0,0,0,0,1,0,0.00,0.00,0.00,0.00,0.00,Matches,,,,,,,,,,,,,,,,,,,,,,,,,,,46,,DF,Konyaspor,27-211,1999,2.1,0,3,0,0.0,1.42,0.00,0.00,,0,0,Matches,60,,DF,Konyaspor,27-211,1999,4,190,48,42.2,2.1,2,80,1,2,15,1,0.75,2,2,0,0.00,+1.38,Matches,46,,DF,Konyaspor,27-211,1999,2.1,1,0,0,4,1,0,0,6,1,,,0,Matches
47,Yusuf Barasi,tr TUR,"FW,MF",Eyüpspor,23-170,2003,5,0,133,1.5,0,0,0,0,0,0,0,0,0.00,0.00,0.00,0.00,0.00,Matches,,,,,,,,,,,,,,,,,,,,,,,,,,,47,tr TUR,"FW,MF",Eyüpspor,23-170,2003,1.5,0,7,2,28.6,4.74,1.35,0.00,0.00,0,0,Matches,61,tr TUR,"FW,MF",Eyüpspor,23-170,2003,5,133,27,29.6,1.5,0,,0,5,27,0,0.60,1,2,-1,-0.68,+0.74,Matches,47,tr TUR,"FW,MF",Eyüpspor,23-170,2003,1.5,0,0,0,2,3,0,2,1,0,,,0,Matches
48,Abdülkerim Bardakcı,tr TUR,DF,Galatasaray,32-010,1994,5,4,353,3.9,1,0,1,1,0,0,1,0,0.25,0.00,0.25,0.25,0.25,Matches,,,,,,,,,,,,,,,,,,,,,,,,,,,48,tr TUR,DF,Galatasaray,32-010,1994,3.9,1,6,3,50.0,1.53,0.76,0.17,0.33,0,0,Matches,62,tr TUR,DF,Galatasaray,32-010,1994,5,353,71,78.4,3.9,4,77,2,1,45,0,2.60,9,5,+4,+1.02,-1.76,Matches,48,tr TUR,DF,Galatasaray,32-010,1994,3.9,1,0,0,2,1,0,3,5,0,,,0,Matches
49,Enis Bardhi,mk MKD,MF,Konyaspor,31-077,1995,3,0,41,0.5,0,0,0,0,0,0,1,1,0.00,0.00,0.00,0.00,0.00,Matches,,,,,,,,,,,,,,,,,,,,,,,,,,,49,mk MKD,MF,Konyaspor,31-077,1995,0.5,0,1,1,100.0,2.20,2.20,0.00,0.00,0,0,Matches,63,mk MKD,MF,Konyaspor,31-077,1995,3,41,14,9.1,0.5,0,,0,3,14,0,0.00,1,1,0,0.00,+0.88,Matches,49,mk MKD,MF,Konyaspor,31-077,1995,0.5,1,1,0,2,0,0,2,0,1,,,0,Matches
50,Emir Bars,tr TUR,MF,Konyaspor,21-159,2005,2,0,36,0.4,0,0,0,0,0,0,0,0,0.00,0.00,0.00,0.00,0.00,Matches,,,,,,,,,,,,,,,,,,,,,,,,,,,50,tr TUR,MF,Konyaspor,21-159,2005,0.4,0,1,0,0.0,2.50,0.00,0.00,,0,0,Matches,64,tr TUR,MF,Konyaspor,21-159,2005,2,36,18,8.0,0.4,0,,0,2,18,3,0.00,0,1,-1,-2.50,-1.85,Matches,50,tr TUR,MF,Konyaspor,21-159,2005,0.4,0,0,0,0,1,0,1,0,0,,,0,Matches
51,David Bates,sct SCO,DF,Amedspor,29-347,1996,5,5,420,4.7,0,0,0,0,0,0,1,0,0.00,0.00,0.00,0.00,0.00,Matches,,,,,,,,,,,,,,,,,,,,,,,,,,,51,sct SCO,DF,Amedspor,29-347,1996,4.7,0,0,0,,0.00,0.00,,,0,0,Matches,65,sct SCO,DF,Amedspor,29-347,1996,5,420,84,93.3,4.7,5,84,4,0,,0,2.00,11,5,+6,+1.29,-1.71,Matches,51,sct SCO,DF,Amedspor,29-347,1996,4.7,1,0,0,2,4,0,0,3,5,,,0,Matches
52,Aleksei Batrakov,ru RUS,MF,Galatasaray,21-100,2005,3,1,144,1.6,0,1,1,0,0,0,0,0,0.00,0.62,0.62,0.00,0.62,Matches,,,,,,,,,,,,,,,,,,,,,,,,,,,52,ru RUS,MF,Galatasaray,21-100,2005,1.6,0,3,1,33.3,1.87,0.62,0.00,0.00,0,0,Matches,66,ru RUS,MF,Galatasaray,21-100,2005,3,144,48,32.0,1.6,1,67,0,2,39,0,3.00,4,2,+2,+1.25,-0.22,Matches,52,ru RUS,MF,Galatasaray,21-100,2005,1.6,0,0,0,3,1,0,10,0,1,,,0,Matches
53,Fuat Bavuk,,FW,Gaziantep,26-037,2000,2,1,54,0.6,0,0,0,0,0,0,0,0,0.00,0.00,0.00,0.00,0.00,Matches,,,,,,,,,,,,,,,,,,,,,,,,,,,53,,FW,Gaziantep,26-037,2000,0.6,0,0,0,,0.00,0.00,,,0,0,Matches,67,,FW,Gaziantep,26-037,2000,2,54,27,12.0,0.6,1,39,0,1,15,1,1.50,0,2,-2,-3.33,-4.24,Matches,53,,FW,Gaziantep,26-037,2000,0.6,0,0,0,2,1,0,0,0,1,,,0,Matches
54,Ogün Bayrak,,MF,Göztepe,27-342,1998,4,1,117,1.3,0,0,0,0,0,0,0,1,0.00,0.00,0.00,0.00,0.00,Matches,,,,,,,,,,,,,,,,,,,,,,,,,,,54,,MF,Göztepe,27-342,1998,1.3,0,0,0,,0.00,0.00,,,0,0,Matches,70,,MF,Göztepe,27-342,1998,4,117,29,26.0,1.3,1,63,0,3,18,0,0.25,2,1,+1,+0.77,+2.12,Matches,54,,MF,Göztepe,27-342,1998,1.3,0,1,0,2,0,0,2,4,3,,,0,Matches
55,Emin Bayram,tr TUR,DF,Başakşehir,23-168,2003,5,5,450,5.0,0,0,0,0,0,0,0,0,0.00,0.00,0.00,0.00,0.00,Matches,,,,,,,,,,,,,,,,,,,,,,,,,,,55,tr TUR,DF,Başakşehir,23-168,2003,5.0,0,1,0,0.0,0.20,0.00,0.00,,0,0,Matches,72,tr TUR,DF,Başakşehir,23-168,2003,5,450,90,100.0,5.0,5,90,5,0,,0,0.80,6,11,-5,-1.00,,Matches,55,tr TUR,DF,Başakşehir,23-168,2003,5.0,0,0,0,2,3,0,1,5,1,,,1,Matches
56,Efkan Bekiroğlu,,MF,Göztepe,31-003,1995,4,2,170,1.9,1,0,1,1,0,0,0,0,0.53,0.00,0.53,0.53,0.53,Matches,,,,,,,,,,,,,,,,,,,,,,,,,,,56,,MF,Göztepe,31-003,1995,1.9,1,4,2,50.0,2.12,1.06,0.25,0.50,0,0,Matches,73,,MF,Göztepe,31-003,1995,4,170,43,37.8,1.9,2,54,0,2,31,1,0.50,3,6,-3,-1.59,-1.27,Matches,56,,MF,Göztepe,31-003,1995,1.9,0,0,0,5,3,0,9,0,0,,,0,Matches
57,Omar Ben Ali,tn TUN,FW,Alanyaspor,21-148,2005,5,1,154,1.7,0,0,0,0,0,0,0,0,0.00,0.00,0.00,0.00,0.00,Matches,,,,,,,,,,,,,,,,,,,,,,,,,,,57,tn TUN,FW,Alanyaspor,21-148,2005,1.7,0,6,1,16.7,3.51,0.58,0.00,0.00,0,0,Matches,75,tn TUN,FW,Alanyaspor,21-148,2005,5,154,31,34.2,1.7,1,57,0,4,24,0,1.60,2,2,0,0.00,-0.30,Matches,57,tn TUN,FW,Alanyaspor,21-148,2005,1.7,0,0,0,3,0,0,0,0,1,,,0,Matches
58,Mortadha Ben Ouanes,tn TUN,MF,Kasımpaşa,32-077,1994,1,1,77,0.9,0,0,0,0,0,0,1,0,0.00,0.00,0.00,0.00,0.00,Matches,,,,,,,,,,,,,,,,,,,,,,,,,,,58,tn TUN,MF,Kasımpaşa,32-077,1994,0.9,0,0,0,,0.00,0.00,,,0,0,Matches,76,tn TUN,MF,Kasımpaşa,32-077,1994,1,77,77,17.1,0.9,1,77,0,0,,0,1.00,1,1,0,0.00,-0.48,Matches,58,tn TUN,MF,Kasımpaşa,32-077,1994,0.9,1,0,0,3,3,0,3,0,0,,,0,Matches
59,Adrian Benedyczak,pl POL,"FW,MF",Kasımpaşa,25-297,2000,5,5,434,4.8,4,1,5,3,1,1,0,0,0.83,0.21,1.04,0.62,0.83,Matches,,,,,,,,,,,,,,,,,,,,,,,,,,,59,pl POL,"FW,MF",Kasımpaşa,25-297,2000,4.8,4,17,7,41.2,3.53,1.45,0.24,0.57,1,1,Matches,77,pl POL,"FW,MF",Kasımpaşa,25-297,2000,5,434,87,96.4,4.8,5,87,2,0,,0,1.80,7,4,+3,+0.62,+6.25,Matches,59,pl POL,"FW,MF",Kasımpaşa,25-297,2000,4.8,0,0,0,6,4,1,5,1,0,,,0,Matches
60,Ege Bilim,,,Kocaelispor,20-156,2006,2,0,12,0.1,0,0,0,0,0,0,0,0,0.00,0.00,0.00,0.00,0.00,Matches,,,,,,,,,,,,,,,,,,,,,,,,,,,60,,,Kocaelispor,20-156,2006,0.1,0,2,0,0.0,15.00,0.00,0.00,,0,0,Matches,79,,,Kocaelispor,20-156,2006,2,12,6,2.7,0.1,0,,0,2,6,3,1.50,1,0,+1,+7.50,+7.50,Matches,60,,,Kocaelispor,20-156,2006,0.1,0,0,0,0,0,0,0,0,0,,,0,Matches
61,Tayfur Bingöl,tr TUR,FW,Kocaelispor,33-249,1993,2,1,89,1.0,0,0,0,0,0,0,1,0,0.00,0.00,0.00,0.00,0.00,Matches,,,,,,,,,,,,,,,,,,,,,,,,,,,61,tr TUR,FW,Kocaelispor,33-249,1993,1.0,0,2,0,0.0,2.02,0.00,0.00,,0,0,Matches,80,tr TUR,FW,Kocaelispor,33-249,1993,2,89,45,19.8,1.0,1,75,0,1,14,1,0.00,0,2,-2,-2.02,-2.77,Matches,61,tr TUR,FW,Kocaelispor,33-249,1993,1.0,1,0,0,1,2,1,2,2,0,,,0,Matches
62,Malcom Bokélé,cm CMR,DF,Göztepe,26-217,2000,4,4,360,4.0,0,0,0,0,0,1,0,0,0.00,0.00,0.00,0.00,0.00,Matches,,,,,,,,,,,,,,,,,,,,,,,,,,,62,cm CMR,DF,Göztepe,26-217,2000,4.0,0,7,3,42.9,1.75,0.75,0.00,0.00,0,1,Matches,81,cm CMR,DF,Göztepe,26-217,2000,4,360,90,80.0,4.0,4,90,4,0,,0,0.25,6,10,-4,-1.00,-1.00,Matches,62,cm CMR,DF,Göztepe,26-217,2000,4.0,0,0,0,2,3,0,2,1,1,,,0,Matches
63,Toni Borevkovic,hr CRO,DF,Samsunspor,29-091,1997,3,3,225,2.5,0,0,0,0,0,0,1,0,0.00,0.00,0.00,0.00,0.00,Matches,,,,,,,,,,,,,,,,,,,,,,,,,,,63,hr CRO,DF,Samsunspor,29-091,1997,2.5,0,0,0,,0.00,0.00,,,0,0,Matches,82,hr CRO,DF,Samsunspor,29-091,1997,3,225,75,50.0,2.5,3,75,2,0,,0,1.33,5,4,+1,+0.40,+2.80,Matches,63,hr CRO,DF,Samsunspor,29-091,1997,2.5,1,0,0,1,3,0,0,3,3,,,0,Matches
64,Andrei Borza,ro ROU,DF,Yeni Çorumspor,20-309,2005,5,5,450,5.0,1,1,2,1,0,0,1,0,0.20,0.20,0.40,0.20,0.40,Matches,,,,,,,,,,,,,,,,,,,,,,,,,,,64,ro ROU,DF,Yeni Çorumspor,20-309,2005,5.0,1,7,1,14.3,1.40,0.20,0.14,1.00,0,0,Matches,83,ro ROU,DF,Yeni Çorumspor,20-309,2005,5,450,90,100.0,5.0,5,90,5,0,,0,1.40,12,10,+2,+0.40,,Matches,64,ro ROU,DF,Yeni Çorumspor,20-309,2005,5.0,1,0,0,3,1,1,6,4,9,,,0,Matches
65,Arif Boşluk,,DF,Konyaspor,23-103,2003,1,1,90,1.0,0,0,0,0,0,0,0,0,0.00,0.00,0.00,0.00,0.00,Matches,,,,,,,,,,,,,,,,,,,,,,,,,,,65,,DF,Konyaspor,23-103,2003,1.0,0,0,0,,0.00,0.00,,,0,0,Matches,84,,DF,Konyaspor,23-103,2003,1,90,90,20.0,1.0,1,90,1,0,,4,0.00,0,1,-1,-1.00,-0.25,Matches,65,,DF,Konyaspor,23-103,2003,1.0,0,0,0,2,0,0,1,0,3,,,0,Matches
66,Benjamin Bouchouari,ma MAR,MF,Trabzonspor,24-308,2001,2,1,100,1.1,0,0,0,0,0,0,0,0,0.00,0.00,0.00,0.00,0.00,Matches,,,,,,,,,,,,,,,,,,,,,,,,,,,66,ma MAR,MF,Trabzonspor,24-308,2001,1.1,0,0,0,,0.00,0.00,,,0,0,Matches,85,ma MAR,MF,Trabzonspor,24-308,2001,2,100,50,22.2,1.1,1,90,1,1,10,0,2.00,1,1,0,0.00,-1.03,Matches,66,ma MAR,MF,Trabzonspor,24-308,2001,1.1,0,0,0,1,1,0,0,1,1,,,0,Matches
67,Bilal Boutobba,fr FRA,MF,Eyüpspor,28-019,1998,5,4,271,3.0,0,0,0,0,0,0,0,0,0.00,0.00,0.00,0.00,0.00,Matches,,,,,,,,,,,,,,,,,,,,,,,,,,,67,fr FRA,MF,Eyüpspor,28-019,1998,3.0,0,11,2,18.2,3.65,0.66,0.00,0.00,0,0,Matches,86,fr FRA,MF,Eyüpspor,28-019,1998,5,271,54,60.2,3.0,4,61,0,1,28,0,0.60,1,5,-4,-1.33,-0.32,Matches,67,fr FRA,MF,Eyüpspor,28-019,1998,3.0,0,0,0,4,3,1,16,0,0,,,0,Matches
68,Emi̇rhan Boz,,MF,Kasımpaşa,20-217,2006,4,1,74,0.8,0,0,0,0,0,0,1,0,0.00,0.00,0.00,0.00,0.00,Matches,,,,,,,,,,,,,,,,,,,,,,,,,,,68,,MF,Kasımpaşa,20-217,2006,0.8,0,0,0,,0.00,0.00,,,0,0,Matches,87,,MF,Kasımpaşa,20-217,2006,4,74,19,16.4,0.8,1,45,0,3,10,1,2.00,0,2,-2,-2.43,-3.39,Matches,68,,MF,Kasımpaşa,20-217,2006,0.8,1,0,0,1,0,0,1,0,1,,,0,Matches
69,Umut Bozok,tr TUR,FW,Başakşehir,29-363,1996,4,1,105,1.2,0,1,1,0,0,0,0,1,0.00,0.86,0.86,0.00,0.86,Matches,,,,,,,,,,,,,,,,,,,,,,,,,,,69,tr TUR,FW,Başakşehir,29-363,1996,1.2,0,3,1,33.3,2.57,0.86,0.00,0.00,0,0,Matches,88,tr TUR,FW,Başakşehir,29-363,1996,4,105,26,23.3,1.2,1,72,0,3,11,0,1.00,2,0,+2,+1.71,+3.54,Matches,69,tr TUR,FW,Başakşehir,29-363,1996,1.2,0,1,0,1,3,1,2,0,1,,,0,Matches
70,Ivan Brnić,hr CRO,MF,Başakşehir,25-025,2001,3,0,77,0.9,0,0,0,0,0,0,0,0,0.00,0.00,0.00,0.00,0.00,Matches,,,,,,,,,,,,,,,,,,,,,,,,,,,70,hr CRO,MF,Başakşehir,25-025,2001,0.9,0,2,1,50.0,2.34,1.17,0.00,0.00,0,0,Matches,89,hr CRO,MF,Başakşehir,25-025,2001,3,77,26,17.1,0.9,0,,0,3,26,2,0.00,1,3,-2,-2.34,-1.61,Matches,70,hr CRO,MF,Başakşehir,25-025,2001,0.9,0,0,0,1,1,0,8,0,0,,,0,Matches
71,Archie Brown,eng ENG,DF,Fenerbahçe,24-112,2002,4,4,332,3.7,0,0,0,0,0,0,0,0,0.00,0.00,0.00,0.00,0.00,Matches,,,,,,,,,,,,,,,,,,,,,,,,,,,71,eng ENG,DF,Fenerbahçe,24-112,2002,3.7,0,5,3,60.0,1.36,0.81,0.00,0.00,0,0,Matches,90,eng ENG,DF,Fenerbahçe,24-112,2002,4,332,83,73.8,3.7,4,83,3,0,,1,1.75,7,3,+4,+1.08,+2.61,Matches,71,eng ENG,DF,Fenerbahçe,24-112,2002,3.7,0,0,0,4,3,1,12,8,4,,,0,Matches
72,Tahsin Bülbül,,MF,Samsunspor,20-100,2006,2,0,11,0.1,0,0,0,0,0,0,0,0,0.00,0.00,0.00,0.00,0.00,Matches,,,,,,,,,,,,,,,,,,,,,,,,,,,72,,MF,Samsunspor,20-100,2006,0.1,0,0,0,,0.00,0.00,,,0,0,Matches,91,,MF,Samsunspor,20-100,2006,2,11,6,2.4,0.1,0,,0,2,6,1,1.50,0,0,0,0.00,+1.03,Matches,72,,MF,Samsunspor,20-100,2006,0.1,0,0,0,0,0,0,0,0,0,,,0,Matches
73,Emrecan Bulut,,MF,Rizespor,24-234,2002,5,2,191,2.1,2,1,3,2,0,0,0,0,0.94,0.47,1.41,0.94,1.41,Matches,,,,,,,,,,,,,,,,,,,,,,,,,,,73,,MF,Rizespor,24-234,2002,2.1,2,4,2,50.0,1.88,0.94,0.50,1.00,0,0,Matches,92,,MF,Rizespor,24-234,2002,5,191,38,42.4,2.1,2,64,0,3,21,0,1.80,4,0,+4,+1.88,+2.93,Matches,73,,MF,Rizespor,24-234,2002,2.1,0,0,0,4,6,1,11,1,1,,,0,Matches
74,Taylan Bulut,de GER,DF,Beşiktaş,20-241,2006,3,2,179,2.0,0,0,0,0,0,0,0,0,0.00,0.00,0.00,0.00,0.00,Matches,,,,,,,,,,,,,,,,,,,,,,,,,,,74,de GER,DF,Beşiktaş,20-241,2006,2.0,0,1,0,0.0,0.50,0.00,0.00,,0,0,Matches,94,de GER,DF,Beşiktaş,20-241,2006,3,179,60,39.8,2.0,2,86,1,1,8,2,2.00,1,1,0,0.00,-2.66,Matches,74,de GER,DF,Beşiktaş,20-241,2006,2.0,0,0,0,4,1,0,3,3,2,,,0,Matches
75,Uğurcan Çakır,tr TUR,GK,Galatasaray,30-165,1996,4,4,360,4.0,0,0,0,0,0,0,0,0,0.00,0.00,0.00,0.00,0.00,Matches,1.0,tr TUR,GK,Galatasaray,30-165,1996.0,4.0,4.0,360.0,4.0,4.0,1.0,12.0,8.0,66.7,3.0,1.0,0.0,2.0,50.0,1.0,1.0,0.0,0.0,0.0,Matches,75,tr TUR,GK,Galatasaray,30-165,1996,4.0,0,0,0,,0.00,0.00,,,0,0,Matches,96,tr TUR,GK,Galatasaray,30-165,1996,4,360,90,80.0,4.0,4,90,4,0,,1,2.50,10,4,+6,+1.50,+0.50,Matches,75,tr TUR,GK,Galatasaray,30-165,1996,4.0,0,0,0,0,1,0,0,0,0,,,0,Matches
76,Lucas Calegari,br BRA,DF,Eyüpspor,24-202,2002,1,1,89,1.0,0,0,0,0,0,0,0,0,0.00,0.00,0.00,0.00,0.00,Matches,,,,,,,,,,,,,,,,,,,,,,,,,,,76,br BRA,DF,Eyüpspor,24-202,2002,1.0,0,0,0,,0.00,0.00,,,0,0,Matches,97,br BRA,DF,Eyüpspor,24-202,2002,1,89,89,19.8,1.0,1,89,0,0,,0,0.00,0,1,-1,-1.01,+0.24,Matches,76,br BRA,DF,Eyüpspor,24-202,2002,1.0,0,0,0,2,4,0,1,2,6,,,0,Matches
77,Kerim Calhanoglu,de GER,DF,Gaziantep,24-022,2002,3,2,175,1.9,0,0,0,0,0,0,0,0,0.00,0.00,0.00,0.00,0.00,Matches,,,,,,,,,,,,,,,,,,,,,,,,,,,77,de GER,DF,Gaziantep,24-022,2002,1.9,0,1,1,100.0,0.51,0.51,0.00,0.00,0,0,Matches,98,de GER,DF,Gaziantep,24-022,2002,3,175,58,38.9,1.9,2,75,0,1,26,2,1.33,5,1,+4,+2.06,+2.71,Matches,77,de GER,DF,Gaziantep,24-022,2002,1.9,0,0,0,3,0,0,3,5,1,,,0,Matches
78,Drissa Camara,ci CIV,MF,Gaziantep,24-211,2002,4,2,216,2.4,0,0,0,0,0,0,1,0,0.00,0.00,0.00,0.00,0.00,Matches,,,,,,,,,,,,,,,,,,,,,,,,,,,78,ci CIV,MF,Gaziantep,24-211,2002,2.4,0,6,3,50.0,2.50,1.25,0.00,0.00,0,0,Matches,99,ci CIV,MF,Gaziantep,24-211,2002,4,216,54,48.0,2.4,2,79,1,2,30,0,2.00,2,2,0,0.00,-0.77,Matches,78,ci CIV,MF,Gaziantep,24-211,2002,2.4,1,0,0,2,13,4,2,2,5,,,0,Matches
79,İrfan Can Eğribayat,tr TUR,GK,Gençlerbirliği,28-079,1998,5,5,450,5.0,0,0,0,0,0,0,0,0,0.00,0.00,0.00,0.00,0.00,Matches,2.0,tr TUR,GK,Gençlerbirliği,28-079,1998.0,5.0,5.0,450.0,5.0,9.0,1.8,36.0,27.0,75.0,2.0,1.0,2.0,1.0,20.0,2.0,1.0,1.0,0.0,50.0,Matches,79,tr TUR,GK,Gençlerbirliği,28-079,1998,5.0,0,0,0,,0.00,0.00,,,0,0,Matches,100,tr TUR,GK,Gençlerbirliği,28-079,1998,5,450,90,100.0,5.0,5,90,5,0,,0,1.40,5,9,-4,-0.80,,Matches,79,tr TUR,GK,Gençlerbirliği,28-079,1998,5.0,0,0,0,0,0,0,0,0,0,,,0,Matches
80,İrfan Can Kahveci,tr TUR,MF,Fenerbahçe,31-064,1995,4,3,207,2.3,0,1,1,0,0,0,1,0,0.00,0.43,0.43,0.00,0.43,Matches,,,,,,,,,,,,,,,,,,,,,,,,,,,80,tr TUR,MF,Fenerbahçe,31-064,1995,2.3,0,3,1,33.3,1.30,0.43,0.00,0.00,0,0,Matches,101,tr TUR,MF,Fenerbahçe,31-064,1995,4,207,52,46.0,2.3,3,60,0,1,27,1,1.00,4,3,+1,+0.43,+0.06,Matches,80,tr TUR,MF,Fenerbahçe,31-064,1995,2.3,1,0,0,5,2,1,8,0,7,,,0,Matches
81,Miguel Cardoso,pt POR,MF,Erzurum BB,32-090,1994,4,1,118,1.3,0,0,0,0,0,0,0,0,0.00,0.00,0.00,0.00,0.00,Matches,,,,,,,,,,,,,,,,,,,,,,,,,,,81,pt POR,MF,Erzurum BB,32-090,1994,1.3,0,5,2,40.0,3.81,1.53,0.00,0.00,0,0,Matches,102,pt POR,MF,Erzurum BB,32-090,1994,4,118,30,26.2,1.3,1,56,0,3,21,0,1.00,0,3,-3,-2.29,-0.66,Matches,81,pt POR,MF,Erzurum BB,32-090,1994,1.3,0,0,0,2,3,2,8,1,2,,,0,Matches
82,Iván Cédric,es ESP,FW,Alanyaspor,24-269,2001,1,0,33,0.4,0,1,1,0,0,0,0,0,0.00,2.73,2.73,0.00,2.73,Matches,,,,,,,,,,,,,,,,,,,,,,,,,,,82,es ESP,FW,Alanyaspor,24-269,2001,0.4,0,0,0,,0.00,0.00,,,0,0,Matches,103,es ESP,FW,Alanyaspor,24-269,2001,1,33,33,7.3,0.4,0,,0,1,33,3,1.00,2,1,+1,+2.73,+2.73,Matches,82,es ESP,FW,Alanyaspor,24-269,2001,0.4,0,0,0,1,1,0,0,0,1,,,0,Matches
83,İzzet Çelik,tr TUR,MF,Alanyaspor,22-089,2004,1,0,13,0.1,0,0,0,0,0,0,0,0,0.00,0.00,0.00,0.00,0.00,Matches,,,,,,,,,,,,,,,,,,,,,,,,,,,83,tr TUR,MF,Alanyaspor,22-089,2004,0.1,0,0,0,,0.00,0.00,,,0,0,Matches,104,tr TUR,MF,Alanyaspor,22-089,2004,1,13,13,2.9,0.1,0,,0,1,13,4,1.00,0,0,0,0.00,-0.21,Matches,83,tr TUR,MF,Alanyaspor,22-089,2004,0.1,0,0,0,0,1,0,0,1,0,,,0,Matches
84,Murat Cem Akpınar,tr TUR,MF,Erzurum BB,27-236,1999,1,0,16,0.2,0,0,0,0,0,0,0,0,0.00,0.00,0.00,0.00,0.00,Matches,,,,,,,,,,,,,,,,,,,,,,,,,,,84,tr TUR,MF,Erzurum BB,27-236,1999,0.2,0,0,0,,0.00,0.00,,,0,0,Matches,105,tr TUR,MF,Erzurum BB,27-236,1999,1,16,16,3.6,0.2,0,,0,1,16,2,0.00,0,0,0,0.00,+1.87,Matches,84,tr TUR,MF,Erzurum BB,27-236,1999,0.2,0,0,0,0,0,0,1,0,0,,,0,Matches
85,Václav Černý,cz CZE,MF,Beşiktaş,28-335,1997,5,5,380,4.2,2,0,2,2,0,0,1,0,0.47,0.00,0.47,0.47,0.47,Matches,,,,,,,,,,,,,,,,,,,,,,,,,,,85,cz CZE,MF,Beşiktaş,28-335,1997,4.2,2,9,5,55.6,2.13,1.18,0.22,0.40,0,0,Matches,106,cz CZE,MF,Beşiktaş,28-335,1997,5,380,76,84.4,4.2,5,76,1,0,,0,2.40,8,3,+5,+1.18,-2.67,Matches,85,cz CZE,MF,Beşiktaş,28-335,1997,4.2,1,0,0,3,0,1,17,4,0,,,0,Matches
86,Tarık Çetin,tr TUR,GK,Fenerbahçe,29-252,1997,1,1,90,1.0,0,0,0,0,0,0,0,0,0.00,0.00,0.00,0.00,0.00,Matches,3.0,tr TUR,GK,Fenerbahçe,29-252,1997.0,1.0,1.0,90.0,1.0,2.0,2.0,3.0,1.0,33.3,0.0,0.0,1.0,0.0,0.0,0.0,0.0,0.0,0.0,,Matches,86,tr TUR,GK,Fenerbahçe,29-252,1997,1.0,0,0,0,,0.00,0.00,,,0,0,Matches,107,tr TUR,GK,Fenerbahçe,29-252,1997,1,90,90,20.0,1.0,1,90,1,0,,2,0.00,1,2,-1,-1.00,-1.75,Matches,86,tr TUR,GK,Fenerbahçe,29-252,1997,1.0,0,0,0,0,0,0,0,0,0,,,0,Matches
87,Amine Cherni,tn TUN,MF,Göztepe,25-072,2001,1,1,90,1.0,0,0,0,0,0,0,0,0,0.00,0.00,0.00,0.00,0.00,Matches,,,,,,,,,,,,,,,,,,,,,,,,,,,87,tn TUN,MF,Göztepe,25-072,2001,1.0,0,1,0,0.0,1.00,0.00,0.00,,0,0,Matches,111,tn TUN,MF,Göztepe,25-072,2001,1,90,90,20.0,1.0,1,90,1,0,,0,1.00,3,3,0,0.00,+1.00,Matches,87,tn TUN,MF,Göztepe,25-072,2001,1.0,0,0,0,0,0,0,5,3,2,,,0,Matches
88,Muharrem Cinan,,DF,Kocaelispor,28-127,1998,1,0,1,0.0,0,0,0,0,0,0,0,0,0.00,0.00,0.00,0.00,0.00,Matches,,,,,,,,,,,,,,,,,,,,,,,,,,,88,,DF,Kocaelispor,28-127,1998,0.0,0,0,0,,0.00,0.00,,,0,0,Matches,113,,DF,Kocaelispor,28-127,1998,1,1,1,0.2,0.0,0,,0,1,1,4,3.00,0,0,0,0.00,-0.20,Matches,88,,DF,Kocaelispor,28-127,1998,0.0,0,0,0,0,0,0,0,0,0,,,0,Matches
89,Amadou Cissé,gn GUI,DF,Amedspor,20-202,2006,3,1,116,1.3,0,0,0,0,0,0,0,0,0.00,0.00,0.00,0.00,0.00,Matches,,,,,,,,,,,,,,,,,,,,,,,,,,,89,gn GUI,DF,Amedspor,20-202,2006,1.3,0,1,0,0.0,0.78,0.00,0.00,,0,0,Matches,114,gn GUI,DF,Amedspor,20-202,2006,3,116,39,25.8,1.3,1,76,0,2,20,2,2.33,4,2,+2,+1.55,+0.20,Matches,89,gn GUI,DF,Amedspor,20-202,2006,1.3,0,0,0,0,2,0,0,0,1,,,0,Matches
90,Ebrima Colley,gm GAM,MF,Konyaspor,26-228,2000,4,4,208,2.3,1,0,1,1,0,0,0,0,0.43,0.00,0.43,0.43,0.43,Matches,,,,,,,,,,,,,,,,,,,,,,,,,,,90,gm GAM,MF,Konyaspor,26-228,2000,2.3,1,5,2,40.0,2.16,0.87,0.20,0.50,0,0,Matches,116,gm GAM,MF,Konyaspor,26-228,2000,4,208,52,46.2,2.3,4,52,0,0,,1,0.00,2,5,-3,-1.30,-0.93,Matches,90,gm GAM,MF,Konyaspor,26-228,2000,2.3,0,0,0,2,3,0,2,2,1,,,0,Matches
91,David Costa,,MF,Eyüpspor,22-248,2004,4,4,279,3.1,0,0,0,0,0,0,3,1,0.00,0.00,0.00,0.00,0.00,Matches,,,,,,,,,,,,,,,,,,,,,,,,,,,91,,MF,Eyüpspor,22-248,2004,3.1,0,3,0,0.0,0.97,0.00,0.00,,0,0,Matches,117,,MF,Eyüpspor,22-248,2004,4,279,70,62.0,3.1,4,70,1,0,,0,0.75,2,5,-3,-0.97,+0.61,Matches,91,,MF,Eyüpspor,22-248,2004,3.1,3,1,1,4,8,0,2,3,1,,,0,Matches
92,Ahmet Dağbaşı,,DF,Kasımpaşa,21-169,2005,2,1,51,0.6,0,0,0,0,0,0,0,0,0.00,0.00,0.00,0.00,0.00,Matches,,,,,,,,,,,,,,,,,,,,,,,,,,,92,,DF,Kasımpaşa,21-169,2005,0.6,0,0,0,,0.00,0.00,,,0,0,Matches,119,,DF,Kasımpaşa,21-169,2005,2,51,26,11.3,0.6,1,45,0,1,6,3,2.00,0,1,-1,-1.76,-2.44,Matches,92,,DF,Kasımpaşa,21-169,2005,0.6,0,0,0,0,0,0,0,1,2,,,0,Matches
93,Lumbardh Dellova,xk KVX,DF,Amedspor,27-259,1999,5,5,450,5.0,0,1,1,0,0,0,1,0,0.00,0.20,0.20,0.00,0.20,Matches,,,,,,,,,,,,,,,,,,,,,,,,,,,93,xk KVX,DF,Amedspor,27-259,1999,5.0,0,1,0,0.0,0.20,0.00,0.00,,0,0,Matches,121,xk KVX,DF,Amedspor,27-259,1999,5,450,90,100.0,5.0,5,90,5,0,,0,2.00,12,5,+7,+1.40,,Matches,93,xk KVX,DF,Amedspor,27-259,1999,5.0,1,0,0,2,1,1,0,4,4,,,0,Matches
94,Mete-Kaan Demir,tr TUR,FW,Eyüpspor,28-127,1998,2,0,37,0.4,0,0,0,0,0,0,0,0,0.00,0.00,0.00,0.00,0.00,Matches,,,,,,,,,,,,,,,,,,,,,,,,,,,94,tr TUR,FW,Eyüpspor,28-127,1998,0.4,0,1,0,0.0,2.43,0.00,0.00,,0,0,Matches,122,tr TUR,FW,Eyüpspor,28-127,1998,2,37,19,8.2,0.4,0,,0,2,19,3,0.00,0,1,-1,-2.43,-1.34,Matches,94,tr TUR,FW,Eyüpspor,28-127,1998,0.4,0,0,0,1,0,0,7,0,0,,,0,Matches
95,Adil Demirbağ,tr TUR,DF,Konyaspor,28-281,1997,5,5,450,5.0,0,0,0,0,0,0,2,0,0.00,0.00,0.00,0.00,0.00,Matches,,,,,,,,,,,,,,,,,,,,,,,,,,,95,tr TUR,DF,Konyaspor,28-281,1997,5.0,0,1,0,0.0,0.20,0.00,0.00,,0,0,Matches,123,tr TUR,DF,Konyaspor,28-281,1997,5,450,90,100.0,5.0,5,90,5,0,,0,0.60,4,8,-4,-0.80,,Matches,95,tr TUR,DF,Konyaspor,28-281,1997,5.0,2,0,0,5,3,0,1,4,5,,,0,Matches
96,Kerem Demirbay,de GER,MF,Kasımpaşa,33-076,1993,4,4,337,3.7,0,0,0,0,0,0,1,0,0.00,0.00,0.00,0.00,0.00,Matches,,,,,,,,,,,,,,,,,,,,,,,,,,,96,de GER,MF,Kasımpaşa,33-076,1993,3.7,0,3,1,33.3,0.80,0.27,0.00,0.00,0,0,Matches,124,de GER,MF,Kasımpaşa,33-076,1993,4,337,84,74.9,3.7,4,84,2,0,,0,2.00,4,3,+1,+0.27,-0.53,Matches,96,de GER,MF,Kasımpaşa,33-076,1993,3.7,1,0,0,5,3,1,13,4,2,,,0,Matches
97,Halil Dervişoğlu,tr TUR,FW,Gaziantep,26-283,1999,3,2,141,1.6,1,0,1,1,0,0,0,0,0.64,0.00,0.64,0.64,0.64,Matches,,,,,,,,,,,,,,,,,,,,,,,,,,,97,tr TUR,FW,Gaziantep,26-283,1999,1.6,1,1,1,100.0,0.64,0.64,1.00,1.00,0,0,Matches,127,tr TUR,FW,Gaziantep,26-283,1999,3,141,47,31.3,1.6,2,60,0,1,21,1,1.67,4,1,+3,+1.91,+2.21,Matches,97,tr TUR,FW,Gaziantep,26-283,1999,1.6,0,0,0,2,0,0,1,1,0,,,0,Matches
98,Enis Destan,tr TUR,FW,Konyaspor,24-094,2002,3,1,77,0.9,0,0,0,0,0,0,0,0,0.00,0.00,0.00,0.00,0.00,Matches,,,,,,,,,,,,,,,,,,,,,,,,,,,98,tr TUR,FW,Konyaspor,24-094,2002,0.9,0,2,0,0.0,2.34,0.00,0.00,,0,0,Matches,128,tr TUR,FW,Konyaspor,24-094,2002,3,77,26,17.1,0.9,1,45,0,2,16,1,0.00,1,2,-1,-1.17,-0.44,Matches,98,tr TUR,FW,Konyaspor,24-094,2002,0.9,0,0,0,2,0,1,0,0,0,,,0,Matches
99,Sabahattin Destici,,MF,Gaziantep,26-104,2000,1,0,5,0.1,0,0,0,0,0,0,0,0,0.00,0.00,0.00,0.00,0.00,Matches,,,,,,,,,,,,,,,,,,,,,,,,,,,99,,MF,Gaziantep,26-104,2000,0.1,0,0,0,,0.00,0.00,,,0,0,Matches,129,,MF,Gaziantep,26-104,2000,1,5,5,1.1,0.1,0,,0,1,5,3,1.00,0,0,0,0.00,-0.40,Matches,99,,MF,Gaziantep,26-104,2000,0.1,0,0,0,0,0,0,0,1,0,,,0,Matches
100,Ali Diabaté,ci CIV,DF,Samsunspor,19-286,2006,2,2,180,2.0,0,0,0,0,0,0,0,0,0.00,0.00,0.00,0.00,0.00,Matches,,,,,,,,,,,,,,,,,,,,,,,,,,,100,ci CIV,DF,Samsunspor,19-286,2006,2.0,0,1,0,0.0,0.50,0.00,0.00,,0,0,Matches,130,ci CIV,DF,Samsunspor,19-286,2006,2,180,90,40.0,2.0,2,90,2,0,,0,2.00,5,3,+2,+1.00,+3.33,Matches,100,ci CIV,DF,Samsunspor,19-286,2006,2.0,0,0,0,0,2,0,0,1,2,,,0,Matches
101,Fousseni Diabaté,ml MLI,MF,Kasımpaşa,30-334,1995,3,2,180,2.0,1,0,1,1,0,0,0,0,0.50,0.00,0.50,0.50,0.50,Matches,,,,,,,,,,,,,,,,,,,,,,,,,,,101,ml MLI,MF,Kasımpaşa,30-334,1995,2.0,1,2,1,50.0,1.00,0.50,0.50,1.00,0,0,Matches,131,ml MLI,MF,Kasımpaşa,30-334,1995,3,180,60,40.0,2.0,2,68,1,1,45,0,1.67,2,1,+1,+0.50,+0.17,Matches,101,ml MLI,MF,Kasımpaşa,30-334,1995,2.0,0,0,0,1,1,0,1,1,2,,,0,Matches
102,Ibrahim Diabaté,ci CIV,FW,Erzurum BB,26-304,1999,3,0,86,1.0,0,0,0,0,0,0,0,0,0.00,0.00,0.00,0.00,0.00,Matches,,,,,,,,,,,,,,,,,,,,,,,,,,,102,ci CIV,FW,Erzurum BB,26-304,1999,1.0,0,4,0,0.0,4.19,0.00,0.00,,0,0,Matches,132,ci CIV,FW,Erzurum BB,26-304,1999,3,86,29,19.1,1.0,0,,0,3,29,0,1.33,0,1,-1,-1.05,+0.93,Matches,102,ci CIV,FW,Erzurum BB,26-304,1999,1.0,0,0,0,5,2,0,0,0,0,,,0,Matches
103,Ousmane Dıabate,gn GUI,MF,Gençlerbirliği,18-358,2007,5,5,418,4.6,1,1,2,1,0,0,3,0,0.22,0.22,0.43,0.22,0.43,Matches,,,,,,,,,,,,,,,,,,,,,,,,,,,103,gn GUI,MF,Gençlerbirliği,18-358,2007,4.6,1,8,3,37.5,1.72,0.65,0.13,0.33,0,0,Matches,133,gn GUI,MF,Gençlerbirliği,18-358,2007,5,418,84,92.9,4.6,5,84,3,0,,0,1.40,5,8,-3,-0.65,+2.17,Matches,103,gn GUI,MF,Gençlerbirliği,18-358,2007,4.6,3,0,0,14,2,0,0,5,11,,,0,Matches
104,Mbaye Diagne,sn SEN,FW,Amedspor,34-324,1991,5,3,220,2.4,1,0,1,1,0,1,0,0,0.41,0.00,0.41,0.41,0.41,Matches,,,,,,,,,,,,,,,,,,,,,,,,,,,104,sn SEN,FW,Amedspor,34-324,1991,2.4,1,8,3,37.5,3.27,1.23,0.13,0.33,0,1,Matches,134,sn SEN,FW,Amedspor,34-324,1991,5,220,44,48.9,2.4,3,62,0,2,17,0,2.00,4,3,+1,+0.41,-1.94,Matches,104,sn SEN,FW,Amedspor,34-324,1991,2.4,0,0,0,5,1,0,0,1,0,,,0,Matches
105,Moussa Diakité,ml MLI,MF,Rizespor,22-317,2003,2,0,27,0.3,0,0,0,0,0,0,0,0,0.00,0.00,0.00,0.00,0.00,Matches,,,,,,,,,,,,,,,,,,,,,,,,,,,105,ml MLI,MF,Rizespor,22-317,2003,0.3,0,1,1,100.0,3.33,3.33,0.00,0.00,0,0,Matches,135,ml MLI,MF,Rizespor,22-317,2003,2,27,14,6.0,0.3,0,,0,2,14,1,3.00,1,1,0,0.00,-0.21,Matches,105,ml MLI,MF,Rizespor,22-317,2003,0.3,0,0,0,1,1,0,0,1,0,,,0,Matches
106,Thiémoko Diarra,ml MLI,FW,Kasımpaşa,23-151,2003,1,0,14,0.2,0,0,0,0,0,0,0,0,0.00,0.00,0.00,0.00,0.00,Matches,,,,,,,,,,,,,,,,,,,,,,,,,,,106,ml MLI,FW,Kasımpaşa,23-151,2003,0.2,0,0,0,,0.00,0.00,,,0,0,Matches,136,ml MLI,FW,Kasımpaşa,23-151,2003,1,14,14,3.1,0.2,0,,0,1,14,1,3.00,2,0,+2,+12.86,+12.86,Matches,106,ml MLI,FW,Kasımpaşa,23-151,2003,0.2,0,0,0,0,0,0,0,0,0,,,0,Matches
107,Anfernee Dijksteel,sr SUR,DF,Kocaelispor,29-325,1996,5,5,450,5.0,0,1,1,0,0,0,1,0,0.00,0.20,0.20,0.00,0.20,Matches,,,,,,,,,,,,,,,,,,,,,,,,,,,107,sr SUR,DF,Kocaelispor,29-325,1996,5.0,0,1,1,100.0,0.20,0.20,0.00,0.00,0,0,Matches,137,sr SUR,DF,Kocaelispor,29-325,1996,5,450,90,100.0,5.0,5,90,5,0,,0,1.80,5,4,+1,+0.20,,Matches,107,sr SUR,DF,Kocaelispor,29-325,1996,5.0,1,0,0,2,14,0,2,2,4,,,0,Matches
108,Deniz Dilmen,tr TUR,GK,Başakşehir,21-104,2005,2,2,180,2.0,0,0,0,0,0,0,0,0,0.00,0.00,0.00,0.00,0.00,Matches,4.0,tr TUR,GK,Başakşehir,21-104,2005.0,2.0,2.0,180.0,2.0,8.0,4.0,13.0,5.0,38.5,0.0,0.0,2.0,0.0,0.0,0.0,0.0,0.0,0.0,,Matches,108,tr TUR,GK,Başakşehir,21-104,2005,2.0,0,0,0,,0.00,0.00,,,0,0,Matches,138,tr TUR,GK,Başakşehir,21-104,2005,2,180,90,40.0,2.0,2,90,2,0,,3,0.00,2,8,-6,-3.00,-3.33,Matches,108,tr TUR,GK,Başakşehir,21-104,2005,2.0,0,0,0,0,0,0,0,0,0,,,0,Matches
109,Mohamed Diomandé,ci CIV,MF,Yeni Çorumspor,24-322,2001,5,4,327,3.6,1,1,2,1,0,0,0,0,0.28,0.28,0.55,0.28,0.55,Matches,,,,,,,,,,,,,,,,,,,,,,,,,,,109,ci CIV,MF,Yeni Çorumspor,24-322,2001,3.6,1,5,1,20.0,1.38,0.28,0.20,1.00,0,0,Matches,139,ci CIV,MF,Yeni Çorumspor,24-322,2001,5,327,65,72.7,3.6,4,73,1,1,37,0,1.40,9,9,0,0.00,-1.46,Matches,109,ci CIV,MF,Yeni Çorumspor,24-322,2001,3.6,0,0,0,4,6,0,11,2,3,,,0,Matches
110,Novatus Dismas,tz TAN,MF,Göztepe,24-015,2002,4,4,333,3.7,1,0,1,1,0,1,0,0,0.27,0.00,0.27,0.27,0.27,Matches,,,,,,,,,,,,,,,,,,,,,,,,,,,110,tz TAN,MF,Göztepe,24-015,2002,3.7,1,7,3,42.9,1.89,0.81,0.14,0.33,0,1,Matches,140,tz TAN,MF,Göztepe,24-015,2002,4,333,83,74.0,3.7,4,83,3,0,,0,0.25,6,11,-5,-1.35,-2.12,Matches,110,tz TAN,MF,Göztepe,24-015,2002,3.7,0,0,0,4,2,0,7,6,4,,,0,Matches
111,Tiago Djaló,pt POR,DF,Beşiktaş,26-161,2000,3,2,194,2.2,0,0,0,0,0,0,1,0,0.00,0.00,0.00,0.00,0.00,Matches,,,,,,,,,,,,,,,,,,,,,,,,,,,111,pt POR,DF,Beşiktaş,26-161,2000,2.2,0,2,0,0.0,0.93,0.00,0.00,,0,0,Matches,141,pt POR,DF,Beşiktaş,26-161,2000,3,194,65,43.1,2.2,2,90,2,1,14,2,3.00,7,2,+5,+2.32,+1.26,Matches,111,pt POR,DF,Beşiktaş,26-161,2000,2.2,1,0,0,6,1,0,0,3,3,,,0,Matches
112,Franculino Djú,gw GNB,FW,Trabzonspor,22-081,2004,2,0,69,0.8,1,0,1,1,0,0,0,0,1.30,0.00,1.30,1.30,1.30,Matches,,,,,,,,,,,,,,,,,,,,,,,,,,,112,gw GNB,FW,Trabzonspor,22-081,2004,0.8,1,5,5,100.0,6.52,6.52,0.20,0.20,0,0,Matches,142,gw GNB,FW,Trabzonspor,22-081,2004,2,69,35,15.3,0.8,0,,0,2,35,0,1.50,2,0,+2,+2.61,+2.14,Matches,112,gw GNB,FW,Trabzonspor,22-081,2004,0.8,0,0,0,1,0,0,0,0,1,,,0,Matches
113,Iustin Doicaru,ro ROU,MF,Rizespor,19-222,2007,3,1,74,0.8,0,1,1,0,0,0,0,0,0.00,1.22,1.22,0.00,1.22,Matches,,,,,,,,,,,,,,,,,,,,,,,,,,,113,ro ROU,MF,Rizespor,19-222,2007,0.8,0,3,1,33.3,3.65,1.22,0.00,0.00,0,0,Matches,144,ro ROU,MF,Rizespor,19-222,2007,3,74,25,16.4,0.8,1,57,0,2,9,0,2.00,1,1,0,0.00,-0.24,Matches,113,ro ROU,MF,Rizespor,19-222,2007,0.8,0,0,0,2,2,0,2,0,1,,,0,Matches
114,Jean-Luc Dompé,fr FRA,"FW,MF",Konyaspor,31-036,1995,2,0,43,0.5,0,0,0,0,0,0,0,0,0.00,0.00,0.00,0.00,0.00,Matches,,,,,,,,,,,,,,,,,,,,,,,,,,,114,fr FRA,"FW,MF",Konyaspor,31-036,1995,0.5,0,0,0,,0.00,0.00,,,0,0,Matches,145,fr FRA,"FW,MF",Konyaspor,31-036,1995,2,43,22,9.6,0.5,0,,0,2,22,0,1.50,0,0,0,0.00,+0.88,Matches,114,fr FRA,"FW,MF",Konyaspor,31-036,1995,0.5,0,0,0,0,1,0,6,0,0,,,0,Matches
115,Nene Dorgeles,ml MLI,"FW,MF",Fenerbahçe,23-268,2002,3,0,73,0.8,0,0,0,0,0,0,0,0,0.00,0.00,0.00,0.00,0.00,Matches,,,,,,,,,,,,,,,,,,,,,,,,,,,115,ml MLI,"FW,MF",Fenerbahçe,23-268,2002,0.8,0,0,0,,0.00,0.00,,,0,0,Matches,146,ml MLI,"FW,MF",Fenerbahçe,23-268,2002,3,73,24,16.2,0.8,0,,0,3,24,2,2.00,0,2,-2,-2.47,-3.42,Matches,115,ml MLI,"FW,MF",Fenerbahçe,23-268,2002,0.8,0,0,0,0,1,0,0,1,3,,,0,Matches
116,Igor Drapinski,pl POL,DF,Samsunspor,22-109,2004,1,0,14,0.2,0,0,0,0,0,0,0,0,0.00,0.00,0.00,0.00,0.00,Matches,,,,,,,,,,,,,,,,,,,,,,,,,,,116,pl POL,DF,Samsunspor,22-109,2004,0.2,0,0,0,,0.00,0.00,,,0,0,Matches,147,pl POL,DF,Samsunspor,22-109,2004,1,14,14,3.1,0.2,0,,0,1,14,2,0.00,0,0,0,0.00,+1.03,Matches,116,pl POL,DF,Samsunspor,22-109,2004,0.2,0,0,0,1,0,0,1,1,0,,,0,Matches
117,Abdurrahim Dursun,tr TUR,DF,Gençlerbirliği,27-290,1998,5,4,380,4.2,0,1,1,0,0,0,0,0,0.00,0.24,0.24,0.00,0.24,Matches,,,,,,,,,,,,,,,,,,,,,,,,,,,117,tr TUR,DF,Gençlerbirliği,27-290,1998,4.2,0,1,0,0.0,0.24,0.00,0.00,,0,0,Matches,148,tr TUR,DF,Gençlerbirliği,27-290,1998,5,380,76,84.4,4.2,4,84,2,1,45,0,1.40,5,6,-1,-0.24,+3.62,Matches,117,tr TUR,DF,Gençlerbirliği,27-290,1998,4.2,0,0,0,4,2,0,8,3,3,,,0,Matches
118,Serdar Dursun,tr TUR,FW,Gaziantep,34-333,1991,3,0,103,1.1,0,0,0,0,0,0,1,0,0.00,0.00,0.00,0.00,0.00,Matches,,,,,,,,,,,,,,,,,,,,,,,,,,,118,tr TUR,FW,Gaziantep,34-333,1991,1.1,0,2,0,0.0,1.75,0.00,0.00,,0,0,Matches,149,tr TUR,FW,Gaziantep,34-333,1991,3,103,34,22.9,1.1,0,,0,3,34,2,0.67,1,0,+1,+0.87,+0.61,Matches,118,tr TUR,FW,Gaziantep,34-333,1991,1.1,1,0,0,2,3,0,2,0,0,,,0,Matches
119,Festy Ebosele,ie IRL,"DF,MF",Erzurum BB,24-046,2002,4,0,72,0.8,0,0,0,0,0,0,0,0,0.00,0.00,0.00,0.00,0.00,Matches,,,,,,,,,,,,,,,,,,,,,,,,,,,119,ie IRL,"DF,MF",Erzurum BB,24-046,2002,0.8,0,1,1,100.0,1.25,1.25,0.00,0.00,0,0,Matches,150,ie IRL,"DF,MF",Erzurum BB,24-046,2002,4,72,18,16.0,0.8,0,,0,4,18,1,0.25,0,3,-3,-3.75,-2.32,Matches,119,ie IRL,"DF,MF",Erzurum BB,24-046,2002,0.8,0,0,0,0,0,0,1,1,4,,,0,Matches
120,Meschak Elia,cd COD,FW,Alanyaspor,29-042,1997,4,1,172,1.9,0,0,0,0,0,0,1,0,0.00,0.00,0.00,0.00,0.00,Matches,,,,,,,,,,,,,,,,,,,,,,,,,,,120,cd COD,FW,Alanyaspor,29-042,1997,1.9,0,3,1,33.3,1.57,0.52,0.00,0.00,0,0,Matches,152,cd COD,FW,Alanyaspor,29-042,1997,4,172,43,38.2,1.9,1,89,0,3,28,0,1.75,4,3,+1,+0.52,+0.52,Matches,120,cd COD,FW,Alanyaspor,29-042,1997,1.9,1,0,0,4,1,3,5,3,0,,,0,Matches
121,Eren Elmalı,tr TUR,DF,Galatasaray,26-072,2000,5,1,148,1.6,0,0,0,0,0,0,1,0,0.00,0.00,0.00,0.00,0.00,Matches,,,,,,,,,,,,,,,,,,,,,,,,,,,121,tr TUR,DF,Galatasaray,26-072,2000,1.6,0,3,2,66.7,1.82,1.22,0.00,0.00,0,0,Matches,153,tr TUR,DF,Galatasaray,26-072,2000,5,148,30,32.9,1.6,1,85,0,4,16,0,2.60,4,0,+4,+2.43,+1.54,Matches,121,tr TUR,DF,Galatasaray,26-072,2000,1.6,1,0,0,1,0,1,5,2,2,,,0,Matches
122,Bartuğ Elmaz,tr TUR,MF,Fenerbahçe,23-210,2003,3,0,15,0.2,0,0,0,0,0,0,0,0,0.00,0.00,0.00,0.00,0.00,Matches,,,,,,,,,,,,,,,,,,,,,,,,,,,122,tr TUR,MF,Fenerbahçe,23-210,2003,0.2,0,1,1,100.0,6.00,6.00,0.00,0.00,0,0,Matches,154,tr TUR,MF,Fenerbahçe,23-210,2003,3,15,5,3.3,0.2,0,,0,3,5,2,2.33,0,1,-1,-6.00,-6.62,Matches,122,tr TUR,MF,Fenerbahçe,23-210,2003,0.2,0,0,0,1,0,0,0,0,0,,,0,Matches
123,Yunus Emre Çift,,DF,Samsunspor,23-016,2003,3,1,146,1.6,0,0,0,0,0,0,0,0,0.00,0.00,0.00,0.00,0.00,Matches,,,,,,,,,,,,,,,,,,,,,,,,,,,123,,DF,Samsunspor,23-016,2003,1.6,0,1,0,0.0,0.62,0.00,0.00,,0,0,Matches,155,,DF,Samsunspor,23-016,2003,3,146,49,32.4,1.6,1,90,1,2,28,0,0.00,0,2,-2,-1.23,-0.34,Matches,123,,DF,Samsunspor,23-016,2003,1.6,0,0,0,1,4,0,0,4,2,,,0,Matches
124,Strahinja Eraković,rs SRB,DF,Samsunspor,25-238,2001,2,1,93,1.0,0,0,0,0,0,0,0,0,0.00,0.00,0.00,0.00,0.00,Matches,,,,,,,,,,,,,,,,,,,,,,,,,,,124,rs SRB,DF,Samsunspor,25-238,2001,1.0,0,2,0,0.0,1.94,0.00,0.00,,0,0,Matches,158,rs SRB,DF,Samsunspor,25-238,2001,2,93,47,20.7,1.0,1,90,1,1,3,0,0.00,1,5,-4,-3.87,-3.62,Matches,124,rs SRB,DF,Samsunspor,25-238,2001,1.0,0,0,0,0,0,0,0,0,2,,,0,Matches
125,Onur Ergün,tr TUR,MF,Başakşehir,33-306,1992,3,0,73,0.8,0,0,0,0,0,0,1,0,0.00,0.00,0.00,0.00,0.00,Matches,,,,,,,,,,,,,,,,,,,,,,,,,,,125,tr TUR,MF,Başakşehir,33-306,1992,0.8,0,0,0,,0.00,0.00,,,0,0,Matches,162,tr TUR,MF,Başakşehir,33-306,1992,3,73,24,16.2,0.8,0,,0,3,24,1,1.33,0,2,-2,-2.47,-1.75,Matches,125,tr TUR,MF,Başakşehir,33-306,1992,0.8,1,0,0,2,0,0,1,0,2,,,0,Matches
126,Deniz Ertaş,tr TUR,GK,Konyaspor,21-181,2005,3,2,203,2.3,0,0,0,0,0,0,0,0,0.00,0.00,0.00,0.00,0.00,Matches,5.0,tr TUR,GK,Konyaspor,21-181,2005.0,3.0,2.0,203.0,2.3,7.0,3.1,18.0,11.0,61.1,0.0,0.0,2.0,0.0,0.0,2.0,1.0,1.0,0.0,50.0,Matches,126,tr TUR,GK,Konyaspor,21-181,2005,2.3,0,0,0,,0.00,0.00,,,0,0,Matches,163,tr TUR,GK,Konyaspor,21-181,2005,3,203,68,45.1,2.3,2,90,2,1,23,2,0.00,3,7,-4,-1.77,-1.77,Matches,126,tr TUR,GK,Konyaspor,21-181,2005,2.3,0,0,0,0,0,0,0,0,0,,,0,Matches
127,Mustafa Eskihellaç,tr TUR,DF,Trabzonspor,29-135,1997,5,5,450,5.0,0,0,0,0,0,0,1,0,0.00,0.00,0.00,0.00,0.00,Matches,,,,,,,,,,,,,,,,,,,,,,,,,,,127,tr TUR,DF,Trabzonspor,29-135,1997,5.0,0,7,1,14.3,1.40,0.20,0.00,0.00,0,0,Matches,164,tr TUR,DF,Trabzonspor,29-135,1997,5,450,90,100.0,5.0,5,90,5,0,,0,1.40,9,5,+4,+0.80,,Matches,127,tr TUR,DF,Trabzonspor,29-135,1997,5.0,1,0,0,4,11,1,6,10,2,,,0,Matches
128,Oghenekaro Etebo,ng NGA,"FW,MF",Gençlerbirliği,30-312,1995,1,0,16,0.2,0,0,0,0,0,0,0,0,0.00,0.00,0.00,0.00,0.00,Matches,,,,,,,,,,,,,,,,,,,,,,,,,,,128,ng NGA,"FW,MF",Gençlerbirliği,30-312,1995,0.2,0,0,0,,0.00,0.00,,,0,0,Matches,165,ng NGA,"FW,MF",Gençlerbirliği,30-312,1995,1,16,16,3.6,0.2,0,,0,1,16,1,3.00,0,0,0,0.00,+0.83,Matches,128,ng NGA,"FW,MF",Gençlerbirliği,30-312,1995,0.2,0,0,0,0,0,0,0,0,0,,,0,Matches
129,Fabinho,br BRA,MF,Trabzonspor,32-329,1993,3,3,237,2.6,0,0,0,0,0,0,1,0,0.00,0.00,0.00,0.00,0.00,Matches,,,,,,,,,,,,,,,,,,,,,,,,,,,129,br BRA,MF,Trabzonspor,32-329,1993,2.6,0,3,1,33.3,1.14,0.38,0.00,0.00,0,0,Matches,166,br BRA,MF,Trabzonspor,32-329,1993,3,237,79,52.7,2.6,3,79,2,0,,0,1.00,6,2,+4,+1.52,+1.52,Matches,129,br BRA,MF,Trabzonspor,32-329,1993,2.6,1,0,0,1,1,0,0,3,4,,,0,Matches
130,Ilhan Fakili,fr FRA,MF,Beşiktaş,20-240,2006,5,0,121,1.3,1,1,2,1,0,0,0,0,0.74,0.74,1.49,0.74,1.49,Matches,,,,,,,,,,,,,,,,,,,,,,,,,,,130,fr FRA,MF,Beşiktaş,20-240,2006,1.3,1,4,3,75.0,2.98,2.23,0.25,0.33,0,0,Matches,167,fr FRA,MF,Beşiktaş,20-240,2006,5,121,24,26.9,1.3,0,,0,5,24,0,2.40,4,2,+2,+1.49,-0.15,Matches,130,fr FRA,MF,Beşiktaş,20-240,2006,1.3,0,0,0,2,5,1,2,1,0,,,0,Matches
131,Kenan Fakılı,fr FRA,MF,Yeni Çorumspor,24-014,2002,1,0,13,0.1,0,0,0,0,0,0,0,0,0.00,0.00,0.00,0.00,0.00,Matches,,,,,,,,,,,,,,,,,,,,,,,,,,,131,fr FRA,MF,Yeni Çorumspor,24-014,2002,0.1,0,0,0,,0.00,0.00,,,0,0,Matches,168,fr FRA,MF,Yeni Çorumspor,24-014,2002,1,13,13,2.9,0.1,0,,0,1,13,1,0.00,0,0,0,0.00,-0.41,Matches,131,fr FRA,MF,Yeni Çorumspor,24-014,2002,0.1,0,0,0,0,0,0,2,0,0,,,0,Matches
132,Andri Fannar Baldursson,is ISL,MF,Kasımpaşa,24-250,2002,4,4,317,3.5,0,0,0,0,0,0,1,0,0.00,0.00,0.00,0.00,0.00,Matches,,,,,,,,,,,,,,,,,,,,,,,,,,,132,is ISL,MF,Kasımpaşa,24-250,2002,3.5,0,1,1,100.0,0.28,0.28,0.00,0.00,0,0,Matches,169,is ISL,MF,Kasımpaşa,24-250,2002,4,317,79,70.4,3.5,4,79,2,0,,0,1.50,5,3,+2,+0.57,+0.57,Matches,132,is ISL,MF,Kasımpaşa,24-250,2002,3.5,1,0,0,12,5,0,0,4,7,,,0,Matches
133,Abbosbek Fayzullayev,uz UZB,MF,Başakşehir,22-349,2003,5,5,300,3.3,0,1,1,0,0,0,1,0,0.00,0.30,0.30,0.00,0.30,Matches,,,,,,,,,,,,,,,,,,,,,,,,,,,133,uz UZB,MF,Başakşehir,22-349,2003,3.3,0,8,2,25.0,2.40,0.60,0.00,0.00,0,0,Matches,170,uz UZB,MF,Başakşehir,22-349,2003,5,300,60,66.7,3.3,5,60,0,0,,0,0.80,4,7,-3,-0.90,+0.30,Matches,133,uz UZB,MF,Başakşehir,22-349,2003,3.3,1,0,0,6,8,1,8,2,5,,,0,Matches
134,Marcos Felipe,br BRA,GK,Yeni Çorumspor,30-157,1996,5,5,450,5.0,0,0,0,0,0,0,0,0,0.00,0.00,0.00,0.00,0.00,Matches,6.0,br BRA,GK,Yeni Çorumspor,30-157,1996.0,5.0,5.0,450.0,5.0,10.0,2.0,29.0,19.0,65.5,2.0,1.0,2.0,1.0,20.0,1.0,1.0,0.0,0.0,0.0,Matches,134,br BRA,GK,Yeni Çorumspor,30-157,1996,5.0,0,0,0,,0.00,0.00,,,0,0,Matches,171,br BRA,GK,Yeni Çorumspor,30-157,1996,5,450,90,100.0,5.0,5,90,5,0,,0,1.40,12,10,+2,+0.40,,Matches,134,br BRA,GK,Yeni Çorumspor,30-157,1996,5.0,0,0,0,0,0,0,0,0,0,,,0,Matches
135,Paolo Fernandes,es ESP,FW,Alanyaspor,28-039,1998,2,2,133,1.5,1,0,1,1,0,0,0,0,0.68,0.00,0.68,0.68,0.68,Matches,,,,,,,,,,,,,,,,,,,,,,,,,,,135,es ESP,FW,Alanyaspor,28-039,1998,1.5,1,6,1,16.7,4.06,0.68,0.17,1.00,0,0,Matches,172,es ESP,FW,Alanyaspor,28-039,1998,2,133,67,29.6,1.5,2,67,0,0,,0,2.00,2,2,0,0.00,-0.28,Matches,135,es ESP,FW,Alanyaspor,28-039,1998,1.5,0,0,0,4,1,0,5,1,2,,,0,Matches
136,Fernando,br BRA,MF,Erzurum BB,33-252,1993,2,1,84,0.9,0,0,0,0,0,0,0,0,0.00,0.00,0.00,0.00,0.00,Matches,,,,,,,,,,,,,,,,,,,,,,,,,,,136,br BRA,MF,Erzurum BB,33-252,1993,0.9,0,2,1,50.0,2.14,1.07,0.00,0.00,0,0,Matches,173,br BRA,MF,Erzurum BB,33-252,1993,2,84,42,18.7,0.9,1,63,0,1,21,0,0.00,0,3,-3,-3.21,-1.74,Matches,136,br BRA,MF,Erzurum BB,33-252,1993,0.9,0,0,0,1,1,0,3,2,0,,,0,Matches
137,Mustafa Fettahoğlu,,MF,Erzurum BB,25-258,2001,5,4,301,3.3,0,0,0,0,0,0,0,0,0.00,0.00,0.00,0.00,0.00,Matches,,,,,,,,,,,,,,,,,,,,,,,,,,,137,,MF,Erzurum BB,25-258,2001,3.3,0,6,1,16.7,1.79,0.30,0.00,0.00,0,0,Matches,174,,MF,Erzurum BB,25-258,2001,5,301,60,66.9,3.3,4,69,0,1,24,0,0.80,2,8,-6,-1.79,+0.02,Matches,137,,MF,Erzurum BB,25-258,2001,3.3,0,0,0,3,3,0,6,2,2,,,0,Matches
138,Yahia Fofana,ci CIV,GK,Rizespor,26-027,2000,5,5,450,5.0,0,1,1,0,0,0,0,0,0.00,0.20,0.20,0.00,0.20,Matches,7.0,ci CIV,GK,Rizespor,26-027,2000.0,5.0,5.0,450.0,5.0,4.0,0.8,18.0,14.0,77.8,3.0,0.0,2.0,2.0,40.0,0.0,0.0,0.0,0.0,,Matches,138,ci CIV,GK,Rizespor,26-027,2000,5.0,0,0,0,,0.00,0.00,,,0,0,Matches,175,ci CIV,GK,Rizespor,26-027,2000,5,450,90,100.0,5.0,5,90,5,0,,0,1.80,5,4,+1,+0.20,,Matches,138,ci CIV,GK,Rizespor,26-027,2000,5.0,0,0,0,0,1,0,0,0,0,,,0,Matches
139,Fredy,ao ANG,MF,Yeni Çorumspor,36-174,1990,5,4,299,3.3,0,2,2,0,0,0,0,0,0.00,0.60,0.60,0.00,0.60,Matches,,,,,,,,,,,,,,,,,,,,,,,,,,,139,ao ANG,MF,Yeni Çorumspor,36-174,1990,3.3,0,6,0,0.0,1.81,0.00,0.00,,0,0,Matches,176,ao ANG,MF,Yeni Çorumspor,36-174,1990,5,299,60,66.4,3.3,4,70,0,1,20,0,1.40,8,5,+3,+0.90,+1.50,Matches,139,ao ANG,MF,Yeni Çorumspor,36-174,1990,3.3,0,0,0,6,5,0,6,4,2,,,0,Matches
140,Karamba Gassama,gm GAM,MF,Gaziantep,21-258,2005,2,0,44,0.5,0,0,0,0,0,0,0,0,0.00,0.00,0.00,0.00,0.00,Matches,,,,,,,,,,,,,,,,,,,,,,,,,,,140,gm GAM,MF,Gaziantep,21-258,2005,0.5,0,3,1,33.3,6.14,2.05,0.00,0.00,0,0,Matches,178,gm GAM,MF,Gaziantep,21-258,2005,2,44,22,9.8,0.5,0,,0,2,22,0,2.00,0,1,-1,-2.05,-2.71,Matches,140,gm GAM,MF,Gaziantep,21-258,2005,0.5,0,0,0,2,1,0,1,0,1,,,0,Matches
141,Amar Gerxhaliu,xk KVX,DF,Erzurum BB,24-144,2002,5,5,450,5.0,0,0,0,0,0,0,0,0,0.00,0.00,0.00,0.00,0.00,Matches,,,,,,,,,,,,,,,,,,,,,,,,,,,141,xk KVX,DF,Erzurum BB,24-144,2002,5.0,0,2,0,0.0,0.40,0.00,0.00,,0,0,Matches,179,xk KVX,DF,Erzurum BB,24-144,2002,5,450,90,100.0,5.0,5,90,5,0,,0,0.80,2,11,-9,-1.80,,Matches,141,xk KVX,DF,Erzurum BB,24-144,2002,5.0,0,0,0,1,0,0,0,5,3,,,0,Matches
142,Baran Gezek,tr TUR,MF,Alanyaspor,21-022,2005,5,4,329,3.7,0,0,0,0,0,0,0,0,0.00,0.00,0.00,0.00,0.00,Matches,,,,,,,,,,,,,,,,,,,,,,,,,,,142,tr TUR,MF,Alanyaspor,21-022,2005,3.7,0,0,0,,0.00,0.00,,,0,0,Matches,180,tr TUR,MF,Alanyaspor,21-022,2005,5,329,66,73.1,3.7,4,82,3,1,3,0,1.60,3,3,0,0.00,-0.74,Matches,142,tr TUR,MF,Alanyaspor,21-022,2005,3.7,0,0,0,4,2,0,0,3,2,,,0,Matches
143,Andreas Gianniotis,gr GRE,GK,Kasımpaşa,33-279,1992,5,5,450,5.0,0,0,0,0,0,0,0,0,0.00,0.00,0.00,0.00,0.00,Matches,8.0,gr GRE,GK,Kasımpaşa,33-279,1992.0,5.0,5.0,450.0,5.0,5.0,1.0,18.0,13.0,72.2,2.0,3.0,0.0,1.0,20.0,0.0,0.0,0.0,0.0,,Matches,143,gr GRE,GK,Kasımpaşa,33-279,1992,5.0,0,0,0,,0.00,0.00,,,0,0,Matches,181,gr GRE,GK,Kasımpaşa,33-279,1992,5,450,90,100.0,5.0,5,90,5,0,,0,1.80,7,5,+2,+0.40,,Matches,143,gr GRE,GK,Kasımpaşa,33-279,1992,5.0,0,0,0,0,1,0,0,0,0,,,0,Matches
144,Victor Gidado,ng NGA,MF,Gaziantep,22-065,2004,5,3,305,3.4,0,0,0,0,0,0,1,0,0.00,0.00,0.00,0.00,0.00,Matches,,,,,,,,,,,,,,,,,,,,,,,,,,,144,ng NGA,MF,Gaziantep,22-065,2004,3.4,0,4,1,25.0,1.18,0.30,0.00,0.00,0,0,Matches,182,ng NGA,MF,Gaziantep,22-065,2004,5,305,61,67.8,3.4,3,87,2,2,22,0,1.60,5,3,+2,+0.59,+0.59,Matches,144,ng NGA,MF,Gaziantep,22-065,2004,3.4,1,0,0,7,3,0,1,6,3,,,0,Matches
145,Guram Giorbelidze,ge GEO,DF,Erzurum BB,30-204,1996,3,3,268,3.0,0,1,1,0,0,0,0,0,0.00,0.34,0.34,0.00,0.34,Matches,,,,,,,,,,,,,,,,,,,,,,,,,,,145,ge GEO,DF,Erzurum BB,30-204,1996,3.0,0,1,1,100.0,0.34,0.34,0.00,0.00,0,0,Matches,183,ge GEO,DF,Erzurum BB,30-204,1996,3,268,89,59.6,3.0,3,89,2,0,,2,1.33,2,4,-2,-0.67,+2.79,Matches,145,ge GEO,DF,Erzurum BB,30-204,1996,3.0,0,0,0,4,3,0,4,3,4,,,0,Matches
146,Simone Giordano,it ITA,DF,Eyüpspor,24-270,2001,4,3,272,3.0,0,0,0,0,0,0,0,0,0.00,0.00,0.00,0.00,0.00,Matches,,,,,,,,,,,,,,,,,,,,,,,,,,,146,it ITA,DF,Eyüpspor,24-270,2001,3.0,0,2,0,0.0,0.66,0.00,0.00,,0,0,Matches,184,it ITA,DF,Eyüpspor,24-270,2001,4,272,68,60.4,3.0,3,85,2,1,17,0,0.75,2,5,-3,-0.99,+0.52,Matches,146,it ITA,DF,Eyüpspor,24-270,2001,3.0,0,0,0,6,7,0,15,0,1,,,0,Matches
147,Allan Godói,br BRA,DF,Göztepe,33-166,1993,2,2,134,1.5,0,0,0,0,0,0,1,0,0.00,0.00,0.00,0.00,0.00,Matches,,,,,,,,,,,,,,,,,,,,,,,,,,,147,br BRA,DF,Göztepe,33-166,1993,1.5,0,1,0,0.0,0.67,0.00,0.00,,0,0,Matches,185,br BRA,DF,Göztepe,33-166,1993,2,134,67,29.8,1.5,2,67,1,0,,0,0.50,3,3,0,0.00,+1.14,Matches,147,br BRA,DF,Göztepe,33-166,1993,1.5,1,0,0,1,1,0,0,4,1,,,0,Matches
148,Diogo Gonçalves,pt POR,MF,Konyaspor,29-223,1997,5,5,359,4.0,0,1,1,0,0,0,0,0,0.00,0.25,0.25,0.00,0.25,Matches,,,,,,,,,,,,,,,,,,,,,,,,,,,148,pt POR,MF,Konyaspor,29-223,1997,4.0,0,5,1,20.0,1.25,0.25,0.00,0.00,0,0,Matches,186,pt POR,MF,Konyaspor,29-223,1997,5,359,72,79.8,4.0,5,72,1,0,,0,0.60,3,6,-3,-0.75,+0.24,Matches,148,pt POR,MF,Konyaspor,29-223,1997,4.0,0,0,0,4,3,0,8,1,2,,,0,Matches
149,Rafael Gonçalves,pt POR,MF,Gençlerbirliği,21-211,2005,2,0,49,0.5,0,0,0,0,0,0,0,0,0.00,0.00,0.00,0.00,0.00,Matches,,,,,,,,,,,,,,,,,,,,,,,,,,,149,pt POR,MF,Gençlerbirliği,21-211,2005,0.5,0,0,0,,0.00,0.00,,,0,0,Matches,187,pt POR,MF,Gençlerbirliği,21-211,2005,2,49,25,10.9,0.5,0,,0,2,25,0,0.00,0,3,-3,-5.51,-5.29,Matches,149,pt POR,MF,Gençlerbirliği,21-211,2005,0.5,0,0,0,2,1,0,6,1,0,,,0,Matches
150,Dimitris Goutas,gr GRE,DF,Gençlerbirliği,32-166,1994,5,5,450,5.0,0,1,1,0,0,0,1,0,0.00,0.20,0.20,0.00,0.20,Matches,,,,,,,,,,,,,,,,,,,,,,,,,,,150,gr GRE,DF,Gençlerbirliği,32-166,1994,5.0,0,5,0,0.0,1.00,0.00,0.00,,0,0,Matches,189,gr GRE,DF,Gençlerbirliği,32-166,1994,5,450,90,100.0,5.0,5,90,5,0,,0,1.40,5,9,-4,-0.80,,Matches,150,gr GRE,DF,Gençlerbirliği,32-166,1994,5.0,1,0,0,5,2,0,0,2,3,,,0,Matches
151,Tiago Gouveia,pt POR,MF,Gençlerbirliği,25-091,2001,4,4,320,3.6,0,0,0,0,0,0,1,0,0.00,0.00,0.00,0.00,0.00,Matches,,,,,,,,,,,,,,,,,,,,,,,,,,,151,pt POR,MF,Gençlerbirliği,25-091,2001,3.6,0,9,4,44.4,2.53,1.13,0.00,0.00,0,0,Matches,190,pt POR,MF,Gençlerbirliği,25-091,2001,4,320,80,71.1,3.6,4,80,1,0,,0,1.00,3,8,-5,-1.41,-2.10,Matches,151,pt POR,MF,Gençlerbirliği,25-091,2001,3.6,1,0,0,3,9,1,23,0,6,,,0,Matches
152,Mason Greenwood,eng ENG,"MF,FW",Fenerbahçe,24-351,2001,5,4,359,4.0,2,1,3,2,0,1,1,0,0.50,0.25,0.75,0.50,0.75,Matches,,,,,,,,,,,,,,,,,,,,,,,,,,,152,eng ENG,"MF,FW",Fenerbahçe,24-351,2001,4.0,2,19,5,26.3,4.76,1.25,0.11,0.40,0,1,Matches,191,eng ENG,"MF,FW",Fenerbahçe,24-351,2001,5,359,72,79.8,4.0,4,82,2,1,32,0,1.40,7,3,+4,+1.00,+2.98,Matches,152,eng ENG,"MF,FW",Fenerbahçe,24-351,2001,4.0,1,0,0,4,9,1,11,2,0,,,0,Matches
153,Gabriele Guarino,it ITA,DF,Samsunspor,22-156,2004,3,3,270,3.0,0,0,0,0,0,0,0,0,0.00,0.00,0.00,0.00,0.00,Matches,,,,,,,,,,,,,,,,,,,,,,,,,,,153,it ITA,DF,Samsunspor,22-156,2004,3.0,0,3,0,0.0,1.00,0.00,0.00,,0,0,Matches,192,it ITA,DF,Samsunspor,22-156,2004,3,270,90,60.0,3.0,3,90,3,0,,2,0.00,1,8,-7,-2.33,-3.33,Matches,153,it ITA,DF,Samsunspor,22-156,2004,3.0,0,0,0,2,1,0,0,3,3,,,0,Matches
154,Mattéo Guendouzi,fr FRA,MF,Fenerbahçe,27-156,1999,5,5,411,4.6,0,0,0,0,0,0,1,0,0.00,0.00,0.00,0.00,0.00,Matches,,,,,,,,,,,,,,,,,,,,,,,,,,,154,fr FRA,MF,Fenerbahçe,27-156,1999,4.6,0,2,0,0.0,0.44,0.00,0.00,,0,0,Matches,193,fr FRA,MF,Fenerbahçe,27-156,1999,5,411,82,91.3,4.6,5,82,2,0,,0,1.40,8,6,+2,+0.44,+0.44,Matches,154,fr FRA,MF,Fenerbahçe,27-156,1999,4.6,1,0,0,9,6,1,8,3,1,,,0,Matches
155,Luka Gugeshashvili,ge GEO,GK,Göztepe,27-141,1999,4,4,315,3.5,0,0,0,0,0,0,0,0,0.00,0.00,0.00,0.00,0.00,Matches,9.0,ge GEO,GK,Göztepe,27-141,1999.0,4.0,4.0,315.0,3.5,11.0,3.14,20.0,9.0,45.0,0.0,1.0,3.0,0.0,0.0,3.0,2.0,0.0,1.0,0.0,Matches,155,ge GEO,GK,Göztepe,27-141,1999,3.5,0,0,0,,0.00,0.00,,,0,0,Matches,194,ge GEO,GK,Göztepe,27-141,1999,4,315,79,70.0,3.5,4,79,3,0,,0,0.25,5,11,-6,-1.71,-3.05,Matches,155,ge GEO,GK,Göztepe,27-141,1999,3.5,0,0,0,0,1,0,0,0,0,,,0,Matches
156,Deniz Gül,tr TUR,FW,Galatasaray,22-077,2004,2,1,84,0.9,0,0,0,0,0,0,1,0,0.00,0.00,0.00,0.00,0.00,Matches,,,,,,,,,,,,,,,,,,,,,,,,,,,156,tr TUR,FW,Galatasaray,22-077,2004,0.9,0,6,1,16.7,6.43,1.07,0.00,0.00,0,0,Matches,195,tr TUR,FW,Galatasaray,22-077,2004,2,84,42,18.7,0.9,1,76,0,1,8,0,3.00,2,0,+2,+2.14,+0.91,Matches,156,tr TUR,FW,Galatasaray,22-077,2004,0.9,1,0,0,7,1,1,0,0,0,,,0,Matches
157,Gökhan Gül,de GER,MF,Amedspor,28-062,1998,4,2,155,1.7,1,0,1,1,0,0,0,0,0.58,0.00,0.58,0.58,0.58,Matches,,,,,,,,,,,,,,,,,,,,,,,,,,,157,de GER,MF,Amedspor,28-062,1998,1.7,1,4,1,25.0,2.32,0.58,0.25,1.00,0,0,Matches,196,de GER,MF,Amedspor,28-062,1998,4,155,39,34.4,1.7,2,53,0,2,25,0,1.75,2,3,-1,-0.58,-3.02,Matches,157,de GER,MF,Amedspor,28-062,1998,1.7,0,0,0,1,4,0,6,3,2,,,0,Matches
158,Tobias Gulliksen,no NOR,"FW,MF",Kocaelispor,23-070,2003,1,0,23,0.3,0,0,0,0,0,0,0,0,0.00,0.00,0.00,0.00,0.00,Matches,,,,,,,,,,,,,,,,,,,,,,,,,,,158,no NOR,"FW,MF",Kocaelispor,23-070,2003,0.3,0,0,0,,0.00,0.00,,,0,0,Matches,197,no NOR,"FW,MF",Kocaelispor,23-070,2003,1,23,23,5.1,0.3,0,,0,1,23,0,3.00,0,0,0,0.00,-0.21,Matches,158,no NOR,"FW,MF",Kocaelispor,23-070,2003,0.3,0,0,0,0,0,0,1,0,0,,,0,Matches
159,İlkay Gündoğan,de GER,MF,Galatasaray,35-328,1990,1,0,7,0.1,0,0,0,0,0,0,0,0,0.00,0.00,0.00,0.00,0.00,Matches,,,,,,,,,,,,,,,,,,,,,,,,,,,159,de GER,MF,Galatasaray,35-328,1990,0.1,0,0,0,,0.00,0.00,,,0,0,Matches,198,de GER,MF,Galatasaray,35-328,1990,1,7,7,1.6,0.1,0,,0,1,7,4,1.00,1,0,+1,+12.86,+11.64,Matches,159,de GER,MF,Galatasaray,35-328,1990,0.1,0,0,0,0,0,0,0,0,0,,,0,Matches
160,Umut Güneş,tr TUR,MF,Başakşehir,26-185,2000,3,3,270,3.0,0,0,0,0,0,0,1,0,0.00,0.00,0.00,0.00,0.00,Matches,,,,,,,,,,,,,,,,,,,,,,,,,,,160,tr TUR,MF,Başakşehir,26-185,2000,3.0,0,1,0,0.0,0.33,0.00,0.00,,0,0,Matches,199,tr TUR,MF,Başakşehir,26-185,2000,3,270,90,60.0,3.0,3,90,3,0,,2,0.33,3,9,-6,-2.00,-2.50,Matches,160,tr TUR,MF,Başakşehir,26-185,2000,3.0,1,0,0,4,6,0,0,3,2,,,0,Matches
161,Bahadır Güngördü,,GK,Konyaspor,28-283,1997,3,3,247,2.7,0,0,0,0,0,0,0,0,0.00,0.00,0.00,0.00,0.00,Matches,10.0,,GK,Konyaspor,28-283,1997.0,3.0,3.0,247.0,2.7,1.0,0.36,11.0,10.0,90.9,1.0,0.0,2.0,1.0,33.3,0.0,0.0,0.0,0.0,,Matches,161,,GK,Konyaspor,28-283,1997,2.7,0,0,0,,0.00,0.00,,,0,0,Matches,200,,GK,Konyaspor,28-283,1997,3,247,82,54.9,2.7,3,82,2,0,,1,1.00,1,1,0,0.00,+1.77,Matches,161,,GK,Konyaspor,28-283,1997,2.7,0,0,0,0,1,0,0,0,0,,,0,Matches
162,Hamza Güreler,tr TUR,DF,Başakşehir,20-160,2006,2,0,19,0.2,0,0,0,0,0,0,1,0,0.00,0.00,0.00,0.00,0.00,Matches,,,,,,,,,,,,,,,,,,,,,,,,,,,162,tr TUR,DF,Başakşehir,20-160,2006,0.2,0,0,0,,0.00,0.00,,,0,0,Matches,202,tr TUR,DF,Başakşehir,20-160,2006,2,19,10,4.2,0.2,0,,0,2,10,1,2.00,0,1,-1,-4.74,-3.90,Matches,162,tr TUR,DF,Başakşehir,20-160,2006,0.2,1,0,0,1,1,0,0,0,0,,,0,Matches
163,Serdar Gürler,tr TUR,MF,Yeni Çorumspor,35-003,1991,3,3,170,1.9,0,0,0,0,0,0,0,0,0.00,0.00,0.00,0.00,0.00,Matches,,,,,,,,,,,,,,,,,,,,,,,,,,,163,tr TUR,MF,Yeni Çorumspor,35-003,1991,1.9,0,4,1,25.0,2.12,0.53,0.00,0.00,0,0,Matches,203,tr TUR,MF,Yeni Çorumspor,35-003,1991,3,170,57,37.8,1.9,3,57,0,0,,0,0.33,2,4,-2,-1.06,-2.34,Matches,163,tr TUR,MF,Yeni Çorumspor,35-003,1991,1.9,0,0,0,0,0,1,7,1,2,,,0,Matches
164,Emircan Gürlük,tr TUR,MF,Yeni Çorumspor,22-337,2003,2,1,91,1.0,0,0,0,0,0,0,0,0,0.00,0.00,0.00,0.00,0.00,Matches,,,,,,,,,,,,,,,,,,,,,,,,,,,164,tr TUR,MF,Yeni Çorumspor,22-337,2003,1.0,0,1,0,0.0,0.99,0.00,0.00,,0,0,Matches,204,tr TUR,MF,Yeni Çorumspor,22-337,2003,2,91,46,20.2,1.0,1,59,0,1,32,1,0.00,1,3,-2,-1.98,-2.98,Matches,164,tr TUR,MF,Yeni Çorumspor,22-337,2003,1.0,0,0,0,2,0,1,5,2,1,,,0,Matches
165,Göktan Gürpüz,de GER,MF,Yeni Çorumspor,23-238,2003,2,0,30,0.3,0,0,0,0,0,0,0,0,0.00,0.00,0.00,0.00,0.00,Matches,,,,,,,,,,,,,,,,,,,,,,,,,,,165,de GER,MF,Yeni Çorumspor,23-238,2003,0.3,0,0,0,,0.00,0.00,,,0,0,Matches,205,de GER,MF,Yeni Çorumspor,23-238,2003,2,30,15,6.7,0.3,0,,0,2,15,1,3.00,1,0,+1,+3.00,+2.79,Matches,165,de GER,MF,Yeni Çorumspor,23-238,2003,0.3,0,0,0,0,0,0,0,0,2,,,0,Matches
166,Florent Hadergjonaj,xk KVX,"MF,DF",Alanyaspor,32-048,1994,5,5,450,5.0,0,1,1,0,0,0,0,0,0.00,0.20,0.20,0.00,0.20,Matches,,,,,,,,,,,,,,,,,,,,,,,,,,,166,xk KVX,"MF,DF",Alanyaspor,32-048,1994,5.0,0,1,0,0.0,0.20,0.00,0.00,,0,0,Matches,207,xk KVX,"MF,DF",Alanyaspor,32-048,1994,5,450,90,100.0,5.0,5,90,5,0,,0,1.60,6,5,+1,+0.20,,Matches,166,xk KVX,"MF,DF",Alanyaspor,32-048,1994,5.0,0,0,0,5,2,2,43,1,2,,,0,Matches
167,Ianis Hagi,ro ROU,FW,Alanyaspor,27-330,1998,3,1,89,1.0,0,1,1,0,0,0,1,0,0.00,1.01,1.01,0.00,1.01,Matches,,,,,,,,,,,,,,,,,,,,,,,,,,,167,ro ROU,FW,Alanyaspor,27-330,1998,1.0,0,4,0,0.0,4.04,0.00,0.00,,0,0,Matches,209,ro ROU,FW,Alanyaspor,27-330,1998,3,89,30,19.8,1.0,1,39,0,2,25,1,1.33,2,2,0,0.00,-0.25,Matches,167,ro ROU,FW,Alanyaspor,27-330,1998,1.0,1,0,0,2,4,0,1,0,1,,,0,Matches
168,Massadio Haïdara,ml MLI,DF,Kocaelispor,33-289,1992,5,5,450,5.0,1,0,1,1,0,0,1,0,0.20,0.00,0.20,0.20,0.20,Matches,,,,,,,,,,,,,,,,,,,,,,,,,,,168,ml MLI,DF,Kocaelispor,33-289,1992,5.0,1,5,2,40.0,1.00,0.40,0.20,0.50,0,0,Matches,210,ml MLI,DF,Kocaelispor,33-289,1992,5,450,90,100.0,5.0,5,90,5,0,,0,1.80,5,4,+1,+0.20,,Matches,168,ml MLI,DF,Kocaelispor,33-289,1992,5.0,1,0,0,4,13,0,5,1,9,,,0,Matches
169,Haris Hajradinović,ba BIH,MF,Kasımpaşa,32-211,1994,1,0,45,0.5,0,0,0,0,0,0,0,0,0.00,0.00,0.00,0.00,0.00,Matches,,,,,,,,,,,,,,,,,,,,,,,,,,,169,ba BIH,MF,Kasımpaşa,32-211,1994,0.5,0,0,0,,0.00,0.00,,,0,0,Matches,211,ba BIH,MF,Kasımpaşa,32-211,1994,1,45,45,10.0,0.5,0,,0,1,45,0,1.00,1,0,+1,+2.00,+1.78,Matches,169,ba BIH,MF,Kasımpaşa,32-211,1994,0.5,0,0,0,0,2,0,5,0,0,,,0,Matches
170,Sontje Hansen,cw CUW,MF,Gaziantep,24-122,2002,3,1,76,0.8,0,0,0,0,0,0,1,0,0.00,0.00,0.00,0.00,0.00,Matches,,,,,,,,,,,,,,,,,,,,,,,,,,,170,cw CUW,MF,Gaziantep,24-122,2002,0.8,0,1,0,0.0,1.18,0.00,0.00,,0,0,Matches,212,cw CUW,MF,Gaziantep,24-122,2002,3,76,25,16.9,0.8,1,64,0,2,6,0,1.33,0,2,-2,-2.37,-3.33,Matches,170,cw CUW,MF,Gaziantep,24-122,2002,0.8,1,0,0,0,2,0,0,0,0,,,0,Matches
171,Arda Hilmi Şengül,,DF,Yeni Çorumspor,27-280,1998,2,0,24,0.3,0,0,0,0,0,0,0,0,0.00,0.00,0.00,0.00,0.00,Matches,,,,,,,,,,,,,,,,,,,,,,,,,,,171,,DF,Yeni Çorumspor,27-280,1998,0.3,0,0,0,,0.00,0.00,,,0,0,Matches,213,,DF,Yeni Çorumspor,27-280,1998,2,24,12,5.3,0.3,0,,0,2,12,3,2.00,1,1,0,0.00,-0.42,Matches,171,,DF,Yeni Çorumspor,27-280,1998,0.3,0,0,0,0,0,0,0,0,0,,,0,Matches
172,Oh Hyeon-gyu,kr KOR,FW,Beşiktaş,25-158,2001,5,2,200,2.2,0,1,1,0,0,0,0,0,0.00,0.45,0.45,0.00,0.45,Matches,,,,,,,,,,,,,,,,,,,,,,,,,,,172,kr KOR,FW,Beşiktaş,25-158,2001,2.2,0,8,2,25.0,3.60,0.90,0.00,0.00,0,0,Matches,214,kr KOR,FW,Beşiktaş,25-158,2001,5,200,40,44.4,2.2,2,73,1,3,18,0,2.40,5,1,+4,+1.80,+0.36,Matches,172,kr KOR,FW,Beşiktaş,25-158,2001,2.2,0,0,0,3,3,4,1,0,1,,,0,Matches
173,Melih Ibrahimoglu,tr TUR,MF,Konyaspor,26-062,2000,5,5,437,4.9,0,0,0,0,0,0,1,0,0.00,0.00,0.00,0.00,0.00,Matches,,,,,,,,,,,,,,,,,,,,,,,,,,,173,tr TUR,MF,Konyaspor,26-062,2000,4.9,0,6,0,0.0,1.24,0.00,0.00,,0,0,Matches,215,tr TUR,MF,Konyaspor,26-062,2000,5,437,87,97.1,4.9,5,87,3,0,,0,0.60,4,7,-3,-0.62,+6.31,Matches,173,tr TUR,MF,Konyaspor,26-062,2000,4.9,1,0,0,4,6,0,0,3,5,,,0,Matches
174,Ahmed Ildiz,tr TUR,MF,Yeni Çorumspor,29-292,1996,2,0,38,0.4,0,0,0,0,0,0,0,0,0.00,0.00,0.00,0.00,0.00,Matches,,,,,,,,,,,,,,,,,,,,,,,,,,,174,tr TUR,MF,Yeni Çorumspor,29-292,1996,0.4,0,1,0,0.0,2.37,0.00,0.00,,0,0,Matches,216,tr TUR,MF,Yeni Çorumspor,29-292,1996,2,38,19,8.4,0.4,0,,0,2,19,1,0.50,0,1,-1,-2.37,-3.02,Matches,174,tr TUR,MF,Yeni Çorumspor,29-292,1996,0.4,0,0,0,1,2,0,4,0,0,,,0,Matches
175,Matei Ilie,ro ROU,DF,Kasımpaşa,23-280,2002,5,5,449,5.0,0,0,0,0,0,0,1,0,0.00,0.00,0.00,0.00,0.00,Matches,,,,,,,,,,,,,,,,,,,,,,,,,,,175,ro ROU,DF,Kasımpaşa,23-280,2002,5.0,0,0,0,,0.00,0.00,,,0,0,Matches,217,ro ROU,DF,Kasımpaşa,23-280,2002,5,449,90,99.8,5.0,5,90,4,0,,0,1.80,6,5,+1,+0.20,-89.80,Matches,175,ro ROU,DF,Kasımpaşa,23-280,2002,5.0,1,0,0,5,2,0,0,4,7,,,0,Matches
176,Ismail Jakobs,sn SEN,DF,Galatasaray,27-031,1999,5,4,312,3.5,0,1,1,0,0,0,0,0,0.00,0.29,0.29,0.00,0.29,Matches,,,,,,,,,,,,,,,,,,,,,,,,,,,176,sn SEN,DF,Galatasaray,27-031,1999,3.5,0,2,0,0.0,0.58,0.00,0.00,,0,0,Matches,218,sn SEN,DF,Galatasaray,27-031,1999,5,312,62,69.3,3.5,4,77,1,1,5,0,2.60,9,6,+3,+0.87,-1.74,Matches,176,sn SEN,DF,Galatasaray,27-031,1999,3.5,0,0,0,1,1,0,15,0,3,,,0,Matches
177,Janderson,br BRA,FW,Göztepe,27-134,1999,5,2,260,2.9,0,2,2,0,0,0,0,0,0.00,0.69,0.69,0.00,0.69,Matches,,,,,,,,,,,,,,,,,,,,,,,,,,,177,br BRA,FW,Göztepe,27-134,1999,2.9,0,5,1,20.0,1.73,0.35,0.00,0.00,0,0,Matches,219,br BRA,FW,Göztepe,27-134,1999,5,260,52,57.8,2.9,2,77,1,3,36,0,0.40,5,11,-6,-2.08,-3.02,Matches,177,br BRA,FW,Göztepe,27-134,1999,2.9,0,0,0,5,0,4,7,0,3,,,0,Matches
178,Saikuba Jarju,gm GAM,"FW,MF",Samsunspor,18-282,2007,5,5,403,4.5,0,2,2,0,0,0,0,0,0.00,0.45,0.45,0.00,0.45,Matches,,,,,,,,,,,,,,,,,,,,,,,,,,,178,gm GAM,"FW,MF",Samsunspor,18-282,2007,4.5,0,7,1,14.3,1.56,0.22,0.00,0.00,0,0,Matches,220,gm GAM,"FW,MF",Samsunspor,18-282,2007,5,403,81,89.6,4.5,5,81,1,0,,0,0.80,5,9,-4,-0.89,+1.02,Matches,178,gm GAM,"FW,MF",Samsunspor,18-282,2007,4.5,0,0,0,11,11,1,11,3,1,,,0,Matches
179,Jakob Jessen,dk DEN,DF,Kasımpaşa,22-196,2004,3,2,225,2.5,0,0,0,0,0,0,1,0,0.00,0.00,0.00,0.00,0.00,Matches,,,,,,,,,,,,,,,,,,,,,,,,,,,179,dk DEN,DF,Kasımpaşa,22-196,2004,2.5,0,0,0,,0.00,0.00,,,0,0,Matches,221,dk DEN,DF,Kasımpaşa,22-196,2004,3,225,75,50.0,2.5,2,90,2,1,45,1,2.33,4,1,+3,+1.20,+1.60,Matches,179,dk DEN,DF,Kasımpaşa,22-196,2004,2.5,1,0,0,4,2,0,2,3,4,,,0,Matches
180,Marko Jevtović,rs SRB,MF,Konyaspor,33-055,1993,5,3,310,3.4,0,0,0,0,0,0,1,0,0.00,0.00,0.00,0.00,0.00,Matches,,,,,,,,,,,,,,,,,,,,,,,,,,,180,rs SRB,MF,Konyaspor,33-055,1993,3.4,0,3,1,33.3,0.87,0.29,0.00,0.00,0,0,Matches,222,rs SRB,MF,Konyaspor,33-055,1993,5,310,62,68.9,3.4,3,85,2,2,27,0,0.60,3,3,0,0.00,+2.57,Matches,180,rs SRB,MF,Konyaspor,33-055,1993,3.4,1,0,0,3,8,0,0,3,7,,,0,Matches
181,Zak Jules,sct SCO,DF,Eyüpspor,29-077,1997,5,5,450,5.0,1,1,2,1,0,0,0,0,0.20,0.20,0.40,0.20,0.40,Matches,,,,,,,,,,,,,,,,,,,,,,,,,,,181,sct SCO,DF,Eyüpspor,29-077,1997,5.0,1,3,2,66.7,0.60,0.40,0.33,0.50,0,0,Matches,223,sct SCO,DF,Eyüpspor,29-077,1997,5,450,90,100.0,5.0,5,90,5,0,,0,0.60,2,8,-6,-1.20,,Matches,181,sct SCO,DF,Eyüpspor,29-077,1997,5.0,0,0,0,6,0,0,1,0,3,,,0,Matches
182,Uğur Kaan Yıldız,tr TUR,MF,Kocaelispor,24-042,2002,5,2,216,2.4,0,1,1,0,0,0,0,0,0.00,0.42,0.42,0.00,0.42,Matches,,,,,,,,,,,,,,,,,,,,,,,,,,,182,tr TUR,MF,Kocaelispor,24-042,2002,2.4,0,3,1,33.3,1.25,0.42,0.00,0.00,0,0,Matches,224,tr TUR,MF,Kocaelispor,24-042,2002,5,216,43,48.0,2.4,2,68,1,3,27,0,1.80,4,2,+2,+0.83,+1.22,Matches,182,tr TUR,MF,Kocaelispor,24-042,2002,2.4,0,0,0,2,2,0,12,5,3,,,0,Matches
183,Melih Kabasakal,,MF,Trabzonspor,30-211,1996,4,2,232,2.6,0,0,0,0,0,0,0,0,0.00,0.00,0.00,0.00,0.00,Matches,,,,,,,,,,,,,,,,,,,,,,,,,,,183,,MF,Trabzonspor,30-211,1996,2.6,0,0,0,,0.00,0.00,,,0,0,Matches,225,,MF,Trabzonspor,30-211,1996,4,232,58,51.6,2.6,2,90,2,2,26,1,1.75,4,3,+1,+0.39,-0.85,Matches,183,,MF,Trabzonspor,30-211,1996,2.6,0,0,0,5,1,0,0,6,5,,,0,Matches
184,N'Golo Kanté,fr FRA,MF,Fenerbahçe,35-172,1991,5,4,364,4.0,0,0,0,0,0,0,0,0,0.00,0.00,0.00,0.00,0.00,Matches,,,,,,,,,,,,,,,,,,,,,,,,,,,184,fr FRA,MF,Fenerbahçe,35-172,1991,4.0,0,3,0,0.0,0.74,0.00,0.00,,0,0,Matches,227,fr FRA,MF,Fenerbahçe,35-172,1991,5,364,73,80.9,4.0,4,83,3,1,32,0,1.40,7,3,+4,+0.99,+3.08,Matches,184,fr FRA,MF,Fenerbahçe,35-172,1991,4.0,0,0,0,4,2,0,2,5,10,,,0,Matches
185,Ayberk Karapo,tr TUR,DF,Kasımpaşa,22-058,2004,5,3,262,2.9,0,0,0,0,0,0,1,0,0.00,0.00,0.00,0.00,0.00,Matches,,,,,,,,,,,,,,,,,,,,,,,,,,,185,tr TUR,DF,Kasımpaşa,22-058,2004,2.9,0,4,1,25.0,1.37,0.34,0.00,0.00,0,0,Matches,228,tr TUR,DF,Kasımpaşa,22-058,2004,5,262,52,58.2,2.9,3,74,1,2,21,0,1.80,3,4,-1,-0.34,-1.78,Matches,185,tr TUR,DF,Kasımpaşa,22-058,2004,2.9,1,0,0,1,7,1,2,1,10,,,0,Matches
186,Kazımcan Karataş,tr TUR,DF,Galatasaray,23-244,2003,2,0,12,0.1,0,0,0,0,0,0,0,0,0.00,0.00,0.00,0.00,0.00,Matches,,,,,,,,,,,,,,,,,,,,,,,,,,,186,tr TUR,DF,Galatasaray,23-244,2003,0.1,0,3,1,33.3,22.50,7.50,0.00,0.00,0,0,Matches,231,tr TUR,DF,Galatasaray,23-244,2003,2,12,6,2.7,0.1,0,,0,2,6,1,2.00,1,0,+1,+7.50,+6.27,Matches,186,tr TUR,DF,Galatasaray,23-244,2003,0.1,0,0,0,0,0,0,4,1,0,,,0,Matches
187,Michał Karbownik,pl POL,"DF,MF",Başakşehir,25-188,2001,3,0,74,0.8,0,0,0,0,0,0,0,0,0.00,0.00,0.00,0.00,0.00,Matches,,,,,,,,,,,,,,,,,,,,,,,,,,,187,pl POL,"DF,MF",Başakşehir,25-188,2001,0.8,0,0,0,,0.00,0.00,,,0,0,Matches,232,pl POL,"DF,MF",Başakşehir,25-188,2001,3,74,25,16.4,0.8,0,,0,3,25,2,0.00,0,5,-5,-6.08,-6.08,Matches,187,pl POL,"DF,MF",Başakşehir,25-188,2001,0.8,0,0,0,0,1,0,1,1,1,,,0,Matches
188,Markus Karlsbakk,no NOR,MF,Yeni Çorumspor,26-133,2000,3,2,131,1.5,0,0,0,0,0,0,0,0,0.00,0.00,0.00,0.00,0.00,Matches,,,,,,,,,,,,,,,,,,,,,,,,,,,188,no NOR,MF,Yeni Çorumspor,26-133,2000,1.5,0,0,0,,0.00,0.00,,,0,0,Matches,233,no NOR,MF,Yeni Çorumspor,26-133,2000,3,131,44,29.1,1.5,2,56,0,1,20,2,0.33,1,4,-3,-2.06,-3.47,Matches,188,no NOR,MF,Yeni Çorumspor,26-133,2000,1.5,0,0,0,0,2,0,0,0,2,,,0,Matches
189,Fatih Kaya,,FW,Samsunspor,26-308,1999,3,2,125,1.4,1,1,2,1,0,0,0,0,0.72,0.72,1.44,0.72,1.44,Matches,,,,,,,,,,,,,,,,,,,,,,,,,,,189,,FW,Samsunspor,26-308,1999,1.4,1,7,2,28.6,5.04,1.44,0.14,0.50,0,0,Matches,234,,FW,Samsunspor,26-308,1999,3,125,42,27.8,1.4,2,52,0,1,21,0,1.33,3,1,+2,+1.44,+3.38,Matches,189,,FW,Samsunspor,26-308,1999,1.4,0,0,0,1,5,0,1,0,1,,,0,Matches
190,İbrahim Kaya,,FW,Alanyaspor,25-192,2001,4,3,234,2.6,0,0,0,0,0,0,0,0,0.00,0.00,0.00,0.00,0.00,Matches,,,,,,,,,,,,,,,,,,,,,,,,,,,190,,FW,Alanyaspor,25-192,2001,2.6,0,6,1,16.7,2.31,0.38,0.00,0.00,0,0,Matches,235,,FW,Alanyaspor,25-192,2001,4,234,59,52.0,2.6,3,73,1,1,14,1,1.25,2,2,0,0.00,-0.42,Matches,190,,FW,Alanyaspor,25-192,2001,2.6,0,0,0,2,11,3,1,0,2,,,0,Matches
191,Yalçın Kayan,tr TUR,MF,Samsunspor,27-230,1999,5,5,361,4.0,0,0,0,0,0,0,0,0,0.00,0.00,0.00,0.00,0.00,Matches,,,,,,,,,,,,,,,,,,,,,,,,,,,191,tr TUR,MF,Samsunspor,27-230,1999,4.0,0,5,1,20.0,1.25,0.25,0.00,0.00,0,0,Matches,236,tr TUR,MF,Samsunspor,27-230,1999,5,361,72,80.2,4.0,5,72,0,0,,0,0.80,5,11,-6,-1.50,-2.51,Matches,191,tr TUR,MF,Samsunspor,27-230,1999,4.0,0,0,0,3,7,0,7,2,2,,,0,Matches
192,Jakub Kałuziński,pl POL,MF,Başakşehir,23-321,2002,4,4,264,2.9,0,0,0,0,0,0,0,0,0.00,0.00,0.00,0.00,0.00,Matches,,,,,,,,,,,,,,,,,,,,,,,,,,,192,pl POL,MF,Başakşehir,23-321,2002,2.9,0,3,1,33.3,1.02,0.34,0.00,0.00,0,0,Matches,237,pl POL,MF,Başakşehir,23-321,2002,4,264,66,58.7,2.9,4,66,0,0,,1,0.75,4,5,-1,-0.34,+1.59,Matches,192,pl POL,MF,Başakşehir,23-321,2002,2.9,0,0,0,1,2,0,6,3,2,,,0,Matches
193,Thalisson Kelven,br BRA,DF,Gençlerbirliği,28-133,1998,2,2,174,1.9,0,0,0,0,0,0,1,0,0.00,0.00,0.00,0.00,0.00,Matches,,,,,,,,,,,,,,,,,,,,,,,,,,,193,br BRA,DF,Gençlerbirliği,28-133,1998,1.9,0,1,1,100.0,0.52,0.52,0.00,0.00,0,0,Matches,238,br BRA,DF,Gençlerbirliği,28-133,1998,2,174,87,38.7,1.9,2,87,1,0,,2,0.00,1,6,-5,-2.59,-2.91,Matches,193,br BRA,DF,Gençlerbirliği,28-133,1998,1.9,1,0,0,3,2,0,0,2,5,,,0,Matches
194,Ensar Kemaloğlu,,MF,Gençlerbirliği,27-347,1998,2,1,76,0.8,0,0,0,0,0,0,0,0,0.00,0.00,0.00,0.00,0.00,Matches,,,,,,,,,,,,,,,,,,,,,,,,,,,194,,MF,Gençlerbirliği,27-347,1998,0.8,0,1,0,0.0,1.18,0.00,0.00,,0,0,Matches,239,,MF,Gençlerbirliği,27-347,1998,2,76,38,16.9,0.8,1,65,0,1,11,1,2.00,2,1,+1,+1.18,+2.39,Matches,194,,MF,Gençlerbirliği,27-347,1998,0.8,0,0,0,0,4,0,4,0,1,,,0,Matches
195,Olivier Kemen,cm CMR,MF,Başakşehir,30-059,1996,5,5,423,4.7,0,0,0,0,0,0,2,0,0.00,0.00,0.00,0.00,0.00,Matches,,,,,,,,,,,,,,,,,,,,,,,,,,,195,cm CMR,MF,Başakşehir,30-059,1996,4.7,0,3,1,33.3,0.64,0.21,0.00,0.00,0,0,Matches,240,cm CMR,MF,Başakşehir,30-059,1996,5,423,85,94.0,4.7,5,85,4,0,,0,0.80,6,10,-4,-0.85,+2.48,Matches,195,cm CMR,MF,Başakşehir,30-059,1996,4.7,2,0,0,7,7,1,5,4,4,,,0,Matches
196,Gyrano Kerk,sr SUR,MF,Erzurum BB,30-289,1995,3,1,98,1.1,0,0,0,0,0,0,0,0,0.00,0.00,0.00,0.00,0.00,Matches,,,,,,,,,,,,,,,,,,,,,,,,,,,196,sr SUR,MF,Erzurum BB,30-289,1995,1.1,0,1,1,100.0,0.92,0.92,0.00,0.00,0,0,Matches,241,sr SUR,MF,Erzurum BB,30-289,1995,3,98,33,21.8,1.1,1,54,0,2,22,2,0.00,0,5,-5,-4.59,-3.57,Matches,196,sr SUR,MF,Erzurum BB,30-289,1995,1.1,0,0,0,4,0,1,2,0,1,,,0,Matches
197,Enes Keskin,,MF,Alanyaspor,25-105,2001,2,0,48,0.5,0,0,0,0,0,0,1,0,0.00,0.00,0.00,0.00,0.00,Matches,,,,,,,,,,,,,,,,,,,,,,,,,,,197,,MF,Alanyaspor,25-105,2001,0.5,0,1,0,0.0,1.87,0.00,0.00,,0,0,Matches,242,,MF,Alanyaspor,25-105,2001,2,48,24,10.7,0.5,0,,0,2,24,3,2.00,1,0,+1,+1.87,+1.87,Matches,197,,MF,Alanyaspor,25-105,2001,0.5,1,0,0,2,0,0,1,0,0,,,0,Matches
198,Mohamed Khalil,,MF,Amedspor,25-313,2000,2,1,76,0.8,0,1,1,0,0,0,0,0,0.00,1.18,1.18,0.00,1.18,Matches,,,,,,,,,,,,,,,,,,,,,,,,,,,198,,MF,Amedspor,25-313,2000,0.8,0,0,0,,0.00,0.00,,,0,0,Matches,243,,MF,Amedspor,25-313,2000,2,76,38,16.9,0.8,1,62,0,1,14,3,2.00,4,0,+4,+4.74,+4.01,Matches,198,,MF,Amedspor,25-313,2000,0.8,0,0,0,2,0,0,1,2,0,,,0,Matches
199,Saba Kharebashvili,ge GEO,DF,Başakşehir,18-014,2008,1,0,28,0.3,0,0,0,0,0,0,1,0,0.00,0.00,0.00,0.00,0.00,Matches,,,,,,,,,,,,,,,,,,,,,,,,,,,199,ge GEO,DF,Başakşehir,18-014,2008,0.3,0,1,1,100.0,3.21,3.21,0.00,0.00,0,0,Matches,244,ge GEO,DF,Başakşehir,18-014,2008,1,28,28,6.2,0.3,0,,0,1,28,1,0.00,2,2,0,0.00,+1.07,Matches,199,ge GEO,DF,Başakşehir,18-014,2008,0.3,1,0,0,1,0,0,0,0,0,,,0,Matches
200,Semih Kılıçsoy,tr TUR,FW,Beşiktaş,21-033,2005,1,1,62,0.7,0,0,0,0,0,0,0,0,0.00,0.00,0.00,0.00,0.00,Matches,,,,,,,,,,,,,,,,,,,,,,,,,,,200,tr TUR,FW,Beşiktaş,21-033,2005,0.7,0,0,0,,0.00,0.00,,,0,0,Matches,245,tr TUR,FW,Beşiktaş,21-033,2005,1,62,62,13.8,0.7,1,62,0,0,,3,3.00,1,0,+1,+1.45,-0.17,Matches,200,tr TUR,FW,Beşiktaş,21-033,2005,0.7,0,0,0,3,1,0,0,0,0,,,0,Matches
201,Emre Kılınç,tr TUR,"MF,FW",Samsunspor,32-025,1994,5,5,450,5.0,1,1,2,1,0,0,0,0,0.20,0.20,0.40,0.20,0.40,Matches,,,,,,,,,,,,,,,,,,,,,,,,,,,201,tr TUR,"MF,FW",Samsunspor,32-025,1994,5.0,1,8,2,25.0,1.60,0.40,0.13,0.50,0,0,Matches,246,tr TUR,"MF,FW",Samsunspor,32-025,1994,5,450,90,100.0,5.0,5,90,5,0,,0,0.80,6,11,-5,-1.00,,Matches,201,tr TUR,"MF,FW",Samsunspor,32-025,1994,5.0,0,0,0,7,4,0,29,3,0,,,0,Matches
202,Yakup Kırtay,,DF,Erzurum BB,23-063,2003,5,2,210,2.3,0,0,0,0,0,0,0,0,0.00,0.00,0.00,0.00,0.00,Matches,,,,,,,,,,,,,,,,,,,,,,,,,,,202,,DF,Erzurum BB,23-063,2003,2.3,0,2,0,0.0,0.86,0.00,0.00,,0,0,Matches,247,,DF,Erzurum BB,23-063,2003,5,210,42,46.7,2.3,2,90,2,3,10,0,0.80,0,8,-8,-3.43,-3.05,Matches,202,,DF,Erzurum BB,23-063,2003,2.3,0,0,0,0,0,0,0,2,0,,,1,Matches
203,Arda Kızıldağ,tr TUR,DF,Gaziantep,27-337,1998,3,2,193,2.1,0,0,0,0,0,0,1,0,0.00,0.00,0.00,0.00,0.00,Matches,,,,,,,,,,,,,,,,,,,,,,,,,,,203,tr TUR,DF,Gaziantep,27-337,1998,2.1,0,1,0,0.0,0.47,0.00,0.00,,0,0,Matches,248,tr TUR,DF,Gaziantep,27-337,1998,3,193,64,42.9,2.1,2,90,2,1,13,2,1.67,4,2,+2,+0.93,+0.93,Matches,203,tr TUR,DF,Gaziantep,27-337,1998,2.1,1,0,0,3,3,1,0,5,1,,,0,Matches
204,Okan Kocuk,tr TUR,GK,Samsunspor,31-052,1995,5,5,450,5.0,0,0,0,0,0,0,0,0,0.00,0.00,0.00,0.00,0.00,Matches,11.0,tr TUR,GK,Samsunspor,31-052,1995.0,5.0,5.0,450.0,5.0,11.0,2.2,34.0,23.0,67.6,1.0,1.0,3.0,1.0,20.0,0.0,0.0,0.0,0.0,,Matches,204,tr TUR,GK,Samsunspor,31-052,1995,5.0,0,0,0,,0.00,0.00,,,0,0,Matches,250,tr TUR,GK,Samsunspor,31-052,1995,5,450,90,100.0,5.0,5,90,5,0,,0,0.80,6,11,-5,-1.00,,Matches,204,tr TUR,GK,Samsunspor,31-052,1995,5.0,0,0,0,0,0,0,0,0,0,,,0,Matches
205,Sekou Koita,ml MLI,FW,Gençlerbirliği,26-293,1999,5,4,305,3.4,1,1,2,1,0,0,0,0,0.30,0.30,0.59,0.30,0.59,Matches,,,,,,,,,,,,,,,,,,,,,,,,,,,205,ml MLI,FW,Gençlerbirliği,26-293,1999,3.4,1,11,2,18.2,3.25,0.59,0.09,0.50,0,0,Matches,251,ml MLI,FW,Gençlerbirliği,26-293,1999,5,305,61,67.8,3.4,4,73,0,1,13,0,1.40,4,7,-3,-0.89,-0.26,Matches,205,ml MLI,FW,Gençlerbirliği,26-293,1999,3.4,0,0,0,4,3,3,2,0,1,,,0,Matches
206,Orkun Kökçü,tr TUR,MF,Beşiktaş,25-262,2000,5,5,409,4.5,0,2,2,0,0,0,2,0,0.00,0.44,0.44,0.00,0.44,Matches,,,,,,,,,,,,,,,,,,,,,,,,,,,206,tr TUR,MF,Beşiktaş,25-262,2000,4.5,0,15,2,13.3,3.30,0.44,0.00,0.00,0,0,Matches,252,tr TUR,MF,Beşiktaş,25-262,2000,5,409,82,90.9,4.5,5,82,3,0,,0,2.40,9,3,+6,+1.32,-3.07,Matches,206,tr TUR,MF,Beşiktaş,25-262,2000,4.5,2,0,0,4,8,3,30,0,1,,,0,Matches
207,Kacper Kozłowski,pl POL,MF,Gaziantep,22-336,2003,5,5,417,4.6,2,0,2,2,0,0,0,0,0.43,0.00,0.43,0.43,0.43,Matches,,,,,,,,,,,,,,,,,,,,,,,,,,,207,pl POL,MF,Gaziantep,22-336,2003,4.6,2,6,3,50.0,1.29,0.65,0.33,0.67,0,0,Matches,253,pl POL,MF,Gaziantep,22-336,2003,5,417,83,92.7,4.6,5,83,2,0,,0,1.60,7,5,+2,+0.43,+0.43,Matches,207,pl POL,MF,Gaziantep,22-336,2003,4.6,0,0,0,8,10,1,13,4,1,,,0,Matches
208,Blaž Kramer,si SVN,FW,Konyaspor,30-108,1996,2,0,41,0.5,0,0,0,0,0,0,0,0,0.00,0.00,0.00,0.00,0.00,Matches,,,,,,,,,,,,,,,,,,,,,,,,,,,208,si SVN,FW,Konyaspor,30-108,1996,0.5,0,4,1,25.0,8.78,2.20,0.00,0.00,0,0,Matches,254,si SVN,FW,Konyaspor,30-108,1996,2,41,21,9.1,0.5,0,,0,2,21,0,0.00,1,1,0,0.00,+0.88,Matches,208,si SVN,FW,Konyaspor,30-108,1996,0.5,0,0,0,1,1,0,1,0,0,,,0,Matches
209,Ermal Krasniqi,xk KVX,"DF,MF",Amedspor,28-010,1998,5,5,439,4.9,0,2,2,0,0,0,2,0,0.00,0.41,0.41,0.00,0.41,Matches,,,,,,,,,,,,,,,,,,,,,,,,,,,209,xk KVX,"DF,MF",Amedspor,28-010,1998,4.9,0,8,1,12.5,1.64,0.21,0.00,0.00,0,0,Matches,255,xk KVX,"DF,MF",Amedspor,28-010,1998,5,439,88,97.6,4.9,5,88,4,0,,0,2.00,11,5,+6,+1.23,-6.95,Matches,209,xk KVX,"DF,MF",Amedspor,28-010,1998,4.9,2,0,0,10,1,3,16,3,8,,,0,Matches
210,Enver Kulasin,ba BIH,FW,Gaziantep,23-006,2003,1,0,26,0.3,0,0,0,0,0,0,1,0,0.00,0.00,0.00,0.00,0.00,Matches,,,,,,,,,,,,,,,,,,,,,,,,,,,210,ba BIH,FW,Gaziantep,23-006,2003,0.3,0,2,1,50.0,6.92,3.46,0.00,0.00,0,0,Matches,256,ba BIH,FW,Gaziantep,23-006,2003,1,26,26,5.8,0.3,0,,0,1,26,0,0.00,1,0,+1,+3.46,+3.25,Matches,210,ba BIH,FW,Gaziantep,23-006,2003,0.3,1,0,0,1,2,0,0,0,0,,,0,Matches
211,Arda Kurtulan,al ALB,MF,Göztepe,23-302,2002,5,5,449,5.0,0,0,0,0,0,0,2,0,0.00,0.00,0.00,0.00,0.00,Matches,,,,,,,,,,,,,,,,,,,,,,,,,,,211,al ALB,MF,Göztepe,23-302,2002,5.0,0,2,0,0.0,0.40,0.00,0.00,,0,0,Matches,257,al ALB,MF,Göztepe,23-302,2002,5,449,90,99.8,5.0,5,90,4,0,,0,0.40,9,13,-4,-0.80,-0.80,Matches,211,al ALB,MF,Göztepe,23-302,2002,5.0,2,0,0,4,9,0,14,7,9,,,0,Matches
212,Berkan Kutlu,tr TUR,MF,Kocaelispor,28-235,1998,5,5,383,4.3,1,0,1,1,0,0,0,0,0.23,0.00,0.23,0.23,0.23,Matches,,,,,,,,,,,,,,,,,,,,,,,,,,,212,tr TUR,MF,Kocaelispor,28-235,1998,4.3,1,7,3,42.9,1.64,0.70,0.14,0.33,0,0,Matches,259,tr TUR,MF,Kocaelispor,28-235,1998,5,383,77,85.1,4.3,5,77,1,0,,0,1.80,4,3,+1,+0.23,+0.23,Matches,212,tr TUR,MF,Kocaelispor,28-235,1998,4.3,0,0,0,3,4,0,22,6,2,,,0,Matches
213,Ahmed Kutucu,tr TUR,MF,Rizespor,26-200,2000,5,4,396,4.4,0,0,0,0,0,0,0,0,0.00,0.00,0.00,0.00,0.00,Matches,,,,,,,,,,,,,,,,,,,,,,,,,,,213,tr TUR,MF,Rizespor,26-200,2000,4.4,0,15,4,26.7,3.41,0.91,0.00,0.00,0,0,Matches,260,tr TUR,MF,Rizespor,26-200,2000,5,396,79,88.0,4.4,4,88,2,1,45,0,1.80,3,3,0,0.00,-1.67,Matches,213,tr TUR,MF,Rizespor,26-200,2000,4.4,0,0,0,5,2,1,13,5,5,,,0,Matches
214,Moussa Kyabou,ml MLI,MF,Gençlerbirliği,28-152,1998,1,0,25,0.3,0,0,0,0,0,0,0,0,0.00,0.00,0.00,0.00,0.00,Matches,,,,,,,,,,,,,,,,,,,,,,,,,,,214,ml MLI,MF,Gençlerbirliği,28-152,1998,0.3,0,0,0,,0.00,0.00,,,0,0,Matches,261,ml MLI,MF,Gençlerbirliği,28-152,1998,1,25,25,5.6,0.3,0,,0,1,25,0,3.00,0,0,0,0.00,+0.85,Matches,214,ml MLI,MF,Gençlerbirliği,28-152,1998,0.3,0,0,0,0,1,0,0,0,1,,,0,Matches
215,Alexandros Kyziridis,gr GRE,MF,Yeni Çorumspor,26-001,2000,3,3,249,2.8,3,1,4,3,0,0,0,1,1.08,0.36,1.45,1.08,1.45,Matches,,,,,,,,,,,,,,,,,,,,,,,,,,,215,gr GRE,MF,Yeni Çorumspor,26-001,2000,2.8,3,8,4,50.0,2.89,1.45,0.38,0.75,0,0,Matches,262,gr GRE,MF,Yeni Çorumspor,26-001,2000,3,249,83,55.3,2.8,3,83,2,0,,0,2.33,10,2,+8,+2.89,+5.58,Matches,215,gr GRE,MF,Yeni Çorumspor,26-001,2000,2.8,0,1,0,4,3,2,8,2,0,,,0,Matches
216,Qazim Laçi,al ALB,MF,Rizespor,30-241,1996,5,5,415,4.6,1,0,1,0,1,1,1,0,0.22,0.00,0.22,0.00,0.00,Matches,,,,,,,,,,,,,,,,,,,,,,,,,,,216,al ALB,MF,Rizespor,30-241,1996,4.6,1,8,2,25.0,1.73,0.43,0.13,0.50,1,1,Matches,263,al ALB,MF,Rizespor,30-241,1996,5,415,83,92.2,4.6,5,83,3,0,,0,1.80,4,4,0,0.00,-2.57,Matches,216,al ALB,MF,Rizespor,30-241,1996,4.6,1,0,0,5,3,1,34,2,2,,,0,Matches
217,Alban Lafont,ci CIV,GK,Amedspor,27-237,1999,5,5,450,5.0,0,0,0,0,0,0,1,0,0.00,0.00,0.00,0.00,0.00,Matches,12.0,ci CIV,GK,Amedspor,27-237,1999.0,5.0,5.0,450.0,5.0,5.0,1.0,17.0,12.0,70.6,3.0,1.0,1.0,2.0,40.0,0.0,0.0,0.0,0.0,,Matches,217,ci CIV,GK,Amedspor,27-237,1999,5.0,0,0,0,,0.00,0.00,,,0,0,Matches,264,ci CIV,GK,Amedspor,27-237,1999,5,450,90,100.0,5.0,5,90,5,0,,0,2.00,12,5,+7,+1.40,,Matches,217,ci CIV,GK,Amedspor,27-237,1999,5.0,1,0,0,0,1,0,0,0,0,,,0,Matches
218,Mohamed Lamine Bayo,gn GUI,FW,Samsunspor,28-105,1998,1,0,23,0.3,0,0,0,0,0,0,0,0,0.00,0.00,0.00,0.00,0.00,Matches,,,,,,,,,,,,,,,,,,,,,,,,,,,218,gn GUI,FW,Samsunspor,28-105,1998,0.3,0,0,0,,0.00,0.00,,,0,0,Matches,265,gn GUI,FW,Samsunspor,28-105,1998,1,23,23,5.1,0.3,0,,0,1,23,0,0.00,0,2,-2,-7.83,-7.19,Matches,218,gn GUI,FW,Samsunspor,28-105,1998,0.3,0,0,0,0,0,0,1,0,0,,,0,Matches
219,Rafael Leão,pt POR,MF,Galatasaray,27-099,1999,2,1,108,1.2,0,0,0,0,0,0,1,0,0.00,0.00,0.00,0.00,0.00,Matches,,,,,,,,,,,,,,,,,,,,,,,,,,,219,pt POR,MF,Galatasaray,27-099,1999,1.2,0,6,1,16.7,5.00,0.83,0.00,0.00,0,0,Matches,266,pt POR,MF,Galatasaray,27-099,1999,2,108,54,24.0,1.2,1,85,0,1,23,0,3.00,3,1,+2,+1.67,+0.35,Matches,219,pt POR,MF,Galatasaray,27-099,1999,1.2,1,0,0,1,2,1,4,0,0,,,0,Matches
220,Mario Lemina,ga GAB,"MF,DF",Galatasaray,33-016,1993,4,3,220,2.4,0,0,0,0,0,0,0,0,0.00,0.00,0.00,0.00,0.00,Matches,,,,,,,,,,,,,,,,,,,,,,,,,,,220,ga GAB,"MF,DF",Galatasaray,33-016,1993,2.4,0,1,0,0.0,0.41,0.00,0.00,,0,0,Matches,267,ga GAB,"MF,DF",Galatasaray,33-016,1993,4,220,55,48.9,2.4,3,67,1,1,20,0,2.50,8,2,+6,+2.45,+2.06,Matches,220,ga GAB,"MF,DF",Galatasaray,33-016,1993,2.4,0,0,0,5,0,0,0,3,5,,,0,Matches
221,Nuno Lima,pt POR,DF,Alanyaspor,25-185,2001,5,5,449,5.0,1,0,1,1,0,0,1,0,0.20,0.00,0.20,0.20,0.20,Matches,,,,,,,,,,,,,,,,,,,,,,,,,,,221,pt POR,DF,Alanyaspor,25-185,2001,5.0,1,2,1,50.0,0.40,0.20,0.50,1.00,0,0,Matches,268,pt POR,DF,Alanyaspor,25-185,2001,5,449,90,99.8,5.0,5,90,4,0,,0,1.60,6,5,+1,+0.20,+0.20,Matches,221,pt POR,DF,Alanyaspor,25-185,2001,5.0,1,0,0,7,5,0,0,7,6,,,0,Matches
222,Sidny Lopes Cabral,cv CPV,DF,Trabzonspor,23-364,2002,5,2,225,2.5,0,0,0,0,0,0,1,0,0.00,0.00,0.00,0.00,0.00,Matches,,,,,,,,,,,,,,,,,,,,,,,,,,,222,cv CPV,DF,Trabzonspor,23-364,2002,2.5,0,4,1,25.0,1.60,0.40,0.00,0.00,0,0,Matches,269,cv CPV,DF,Trabzonspor,23-364,2002,5,225,45,50.0,2.5,2,80,1,3,22,0,1.40,3,2,+1,+0.40,-0.80,Matches,222,cv CPV,DF,Trabzonspor,23-364,2002,2.5,1,0,0,5,5,0,15,3,2,,,0,Matches
223,Romelu Lukaku,be BEL,FW,Fenerbahçe,33-127,1993,4,1,136,1.5,0,0,0,0,0,0,1,0,0.00,0.00,0.00,0.00,0.00,Matches,,,,,,,,,,,,,,,,,,,,,,,,,,,223,be BEL,FW,Fenerbahçe,33-127,1993,1.5,0,5,0,0.0,3.31,0.00,0.00,,0,0,Matches,271,be BEL,FW,Fenerbahçe,33-127,1993,4,136,34,30.2,1.5,1,63,0,3,24,0,1.75,0,2,-2,-1.32,-2.47,Matches,223,be BEL,FW,Fenerbahçe,33-127,1993,1.5,1,0,0,1,2,0,0,0,1,,,0,Matches
224,Rayan Lutin,km COM,MF,Amedspor,23-244,2003,4,0,56,0.6,0,0,0,0,0,0,0,0,0.00,0.00,0.00,0.00,0.00,Matches,,,,,,,,,,,,,,,,,,,,,,,,,,,224,km COM,MF,Amedspor,23-244,2003,0.6,0,0,0,,0.00,0.00,,,0,0,Matches,272,km COM,MF,Amedspor,23-244,2003,4,56,14,12.4,0.6,0,,0,4,14,1,1.75,1,1,0,0.00,-1.60,Matches,224,km COM,MF,Amedspor,23-244,2003,0.6,0,0,0,1,3,0,2,0,2,,,0,Matches
225,Maestro,ao ANG,MF,Alanyaspor,23-044,2003,1,1,87,1.0,0,0,0,0,0,0,0,0,0.00,0.00,0.00,0.00,0.00,Matches,,,,,,,,,,,,,,,,,,,,,,,,,,,225,ao ANG,MF,Alanyaspor,23-044,2003,1.0,0,1,0,0.0,1.03,0.00,0.00,,0,0,Matches,273,ao ANG,MF,Alanyaspor,23-044,2003,1,87,87,19.3,1.0,1,87,0,0,,0,1.00,1,1,0,0.00,-0.25,Matches,225,ao ANG,MF,Alanyaspor,23-044,2003,1.0,0,0,0,2,0,0,0,1,0,,,0,Matches
226,Matej Maglica,hr CRO,DF,Kocaelispor,27-357,1998,4,3,291,3.2,1,0,1,1,0,0,1,0,0.31,0.00,0.31,0.31,0.31,Matches,,,,,,,,,,,,,,,,,,,,,,,,,,,226,hr CRO,DF,Kocaelispor,27-357,1998,3.2,1,4,1,25.0,1.24,0.31,0.25,1.00,0,0,Matches,274,hr CRO,DF,Kocaelispor,27-357,1998,4,291,73,64.7,3.2,3,90,3,1,21,0,2.25,4,2,+2,+0.62,+1.18,Matches,226,hr CRO,DF,Kocaelispor,27-357,1998,3.2,1,0,0,5,4,0,0,4,2,,,0,Matches
227,Ermin Mahmić,ba BIH,MF,Yeni Çorumspor,21-187,2005,3,0,94,1.0,2,1,3,2,0,0,0,0,1.91,0.96,2.87,1.91,2.87,Matches,,,,,,,,,,,,,,,,,,,,,,,,,,,227,ba BIH,MF,Yeni Çorumspor,21-187,2005,1.0,2,7,5,71.4,6.70,4.79,0.29,0.40,0,0,Matches,275,ba BIH,MF,Yeni Çorumspor,21-187,2005,3,94,31,20.9,1.0,0,,0,3,31,0,2.00,5,4,+1,+0.96,+0.70,Matches,227,ba BIH,MF,Yeni Çorumspor,21-187,2005,1.0,0,0,0,1,0,0,0,1,1,,,0,Matches
228,Antoine Makoumbou,cg CGO,MF,Samsunspor,28-061,1998,1,1,69,0.8,0,0,0,0,0,0,0,0,0.00,0.00,0.00,0.00,0.00,Matches,,,,,,,,,,,,,,,,,,,,,,,,,,,228,cg CGO,MF,Samsunspor,28-061,1998,0.8,0,2,0,0.0,2.61,0.00,0.00,,0,0,Matches,276,cg CGO,MF,Samsunspor,28-061,1998,1,69,69,15.3,0.8,1,69,0,0,,0,1.00,2,3,-1,-1.30,-0.36,Matches,228,cg CGO,MF,Samsunspor,28-061,1998,0.8,0,0,0,0,2,0,0,0,1,,,0,Matches
229,Gaius Makouta,cg CGO,MF,Alanyaspor,29-054,1997,5,5,437,4.9,1,0,1,1,0,0,1,0,0.21,0.00,0.21,0.21,0.21,Matches,,,,,,,,,,,,,,,,,,,,,,,,,,,229,cg CGO,MF,Alanyaspor,29-054,1997,4.9,1,4,1,25.0,0.82,0.21,0.25,1.00,0,0,Matches,277,cg CGO,MF,Alanyaspor,29-054,1997,5,437,87,97.1,4.9,5,87,4,0,,0,1.60,6,5,+1,+0.21,+0.21,Matches,229,cg CGO,MF,Alanyaspor,29-054,1997,4.9,1,0,0,6,5,0,2,4,3,,,0,Matches
230,Ruslan Malinovskyi,ua UKR,MF,Trabzonspor,33-136,1993,2,2,163,1.8,0,0,0,0,0,0,0,0,0.00,0.00,0.00,0.00,0.00,Matches,,,,,,,,,,,,,,,,,,,,,,,,,,,230,ua UKR,MF,Trabzonspor,33-136,1993,1.8,0,2,0,0.0,1.10,0.00,0.00,,0,0,Matches,278,ua UKR,MF,Trabzonspor,33-136,1993,2,163,82,36.2,1.8,2,82,0,0,,0,2.00,3,2,+1,+0.55,-0.39,Matches,230,ua UKR,MF,Trabzonspor,33-136,1993,1.8,0,0,0,3,3,0,6,3,3,,,0,Matches
231,Andre Martins,br BRA,"FW,MF",Göztepe,24-274,2001,5,5,331,3.7,0,1,1,0,0,0,1,0,0.00,0.27,0.27,0.00,0.27,Matches,,,,,,,,,,,,,,,,,,,,,,,,,,,231,br BRA,"FW,MF",Göztepe,24-274,2001,3.7,0,12,2,16.7,3.26,0.54,0.00,0.00,0,0,Matches,279,br BRA,"FW,MF",Göztepe,24-274,2001,5,331,66,73.6,3.7,5,66,1,0,,0,0.40,5,10,-5,-1.36,-2.12,Matches,231,br BRA,"FW,MF",Göztepe,24-274,2001,3.7,1,0,0,6,3,4,4,1,2,,,0,Matches
232,Prince Martor Jr.,lr LBR,FW,Gençlerbirliği,19-070,2007,1,0,6,0.1,0,0,0,0,0,0,0,0,0.00,0.00,0.00,0.00,0.00,Matches,,,,,,,,,,,,,,,,,,,,,,,,,,,232,lr LBR,FW,Gençlerbirliği,19-070,2007,0.1,0,0,0,,0.00,0.00,,,0,0,Matches,280,lr LBR,FW,Gençlerbirliği,19-070,2007,1,6,6,1.3,0.1,0,,0,1,6,3,3.00,0,0,0,0.00,+0.81,Matches,232,lr LBR,FW,Gençlerbirliği,19-070,2007,0.1,0,0,0,0,0,0,0,0,0,,,0,Matches
233,Chandrel Massanga,cg CGO,MF,Eyüpspor,27-031,1999,5,5,450,5.0,0,0,0,0,0,0,1,0,0.00,0.00,0.00,0.00,0.00,Matches,,,,,,,,,,,,,,,,,,,,,,,,,,,233,cg CGO,MF,Eyüpspor,27-031,1999,5.0,0,7,2,28.6,1.40,0.40,0.00,0.00,0,0,Matches,281,cg CGO,MF,Eyüpspor,27-031,1999,5,450,90,100.0,5.0,5,90,5,0,,0,0.60,2,8,-6,-1.20,,Matches,233,cg CGO,MF,Eyüpspor,27-031,1999,5.0,1,0,0,4,5,0,1,4,6,,,0,Matches
234,Arthur Masuaku,cd COD,DF,Konyaspor,32-314,1993,4,2,202,2.2,0,0,0,0,0,0,0,0,0.00,0.00,0.00,0.00,0.00,Matches,,,,,,,,,,,,,,,,,,,,,,,,,,,234,cd COD,DF,Konyaspor,32-314,1993,2.2,0,0,0,,0.00,0.00,,,0,0,Matches,282,cd COD,DF,Konyaspor,32-314,1993,4,202,51,44.9,2.2,2,68,1,2,34,1,0.75,2,3,-1,-0.45,+0.64,Matches,234,cd COD,DF,Konyaspor,32-314,1993,2.2,0,0,0,1,2,0,7,1,4,,,0,Matches
235,Alex Matos,eng ENG,MF,Göztepe,21-349,2004,4,3,184,2.0,1,0,1,1,0,0,2,0,0.49,0.00,0.49,0.49,0.49,Matches,,,,,,,,,,,,,,,,,,,,,,,,,,,235,eng ENG,MF,Göztepe,21-349,2004,2.0,1,4,1,25.0,1.96,0.49,0.25,1.00,0,0,Matches,284,eng ENG,MF,Göztepe,21-349,2004,4,184,46,40.9,2.0,3,61,0,1,2,1,0.50,4,4,0,0.00,+1.35,Matches,235,eng ENG,MF,Göztepe,21-349,2004,2.0,2,0,0,6,1,0,1,4,3,,,0,Matches
236,Alexandru Maxim,ro ROU,MF,Gaziantep,36-071,1990,5,5,391,4.3,0,2,2,0,0,0,0,0,0.00,0.46,0.46,0.00,0.46,Matches,,,,,,,,,,,,,,,,,,,,,,,,,,,236,ro ROU,MF,Gaziantep,36-071,1990,4.3,0,6,1,16.7,1.38,0.23,0.00,0.00,0,0,Matches,285,ro ROU,MF,Gaziantep,36-071,1990,5,391,78,86.9,4.3,5,78,3,0,,0,1.60,7,4,+3,+0.69,+2.22,Matches,236,ro ROU,MF,Gaziantep,36-071,1990,4.3,0,0,0,1,3,0,24,0,4,,,0,Matches
237,Dire Mebude,sct SCO,MF,Rizespor,22-112,2004,3,2,146,1.6,0,0,0,0,0,0,1,0,0.00,0.00,0.00,0.00,0.00,Matches,,,,,,,,,,,,,,,,,,,,,,,,,,,237,sct SCO,MF,Rizespor,22-112,2004,1.6,0,2,1,50.0,1.23,0.62,0.00,0.00,0,0,Matches,286,sct SCO,MF,Rizespor,22-112,2004,3,146,49,32.4,1.6,2,69,0,1,8,2,1.00,0,2,-2,-1.23,-2.12,Matches,237,sct SCO,MF,Rizespor,22-112,2004,1.6,1,0,0,1,1,0,6,0,0,,,0,Matches
238,Ulrich Meleke,ci CIV,"DF,MF",Gaziantep,27-116,1999,5,5,437,4.9,0,0,0,0,0,0,1,0,0.00,0.00,0.00,0.00,0.00,Matches,,,,,,,,,,,,,,,,,,,,,,,,,,,238,ci CIV,"DF,MF",Gaziantep,27-116,1999,4.9,0,4,1,25.0,0.82,0.21,0.00,0.00,0,0,Matches,287,ci CIV,"DF,MF",Gaziantep,27-116,1999,5,437,87,97.1,4.9,5,87,4,0,,0,1.60,7,5,+2,+0.41,+0.41,Matches,238,ci CIV,"DF,MF",Gaziantep,27-116,1999,4.9,1,0,0,6,4,0,1,17,7,,,0,Matches
239,Elson Mendes,,MF,Kasımpaşa,20-364,2005,5,3,298,3.3,0,1,1,0,0,0,1,0,0.00,0.30,0.30,0.00,0.30,Matches,,,,,,,,,,,,,,,,,,,,,,,,,,,239,,MF,Kasımpaşa,20-364,2005,3.3,0,3,1,33.3,0.91,0.30,0.00,0.00,0,0,Matches,288,,MF,Kasımpaşa,20-364,2005,5,298,60,66.2,3.3,3,83,2,2,24,0,1.80,3,4,-1,-0.30,-2.08,Matches,239,,MF,Kasımpaşa,20-364,2005,3.3,1,0,0,5,9,0,2,3,0,,,0,Matches
240,Joe Mendes,se SWE,DF,Samsunspor,23-260,2002,5,5,448,5.0,1,1,2,1,0,0,0,0,0.20,0.20,0.40,0.20,0.40,Matches,,,,,,,,,,,,,,,,,,,,,,,,,,,240,se SWE,DF,Samsunspor,23-260,2002,5.0,1,2,1,50.0,0.40,0.20,0.50,1.00,0,0,Matches,289,se SWE,DF,Samsunspor,23-260,2002,5,448,90,99.6,5.0,5,90,4,0,,0,0.80,6,11,-5,-1.00,-1.00,Matches,240,se SWE,DF,Samsunspor,23-260,2002,5.0,0,0,0,4,2,2,18,7,5,,,0,Matches
241,Pedro Mendes,pt POR,FW,Gençlerbirliği,27-047,1999,2,1,122,1.4,0,0,0,0,0,0,0,0,0.00,0.00,0.00,0.00,0.00,Matches,,,,,,,,,,,,,,,,,,,,,,,,,,,241,pt POR,FW,Gençlerbirliği,27-047,1999,1.4,0,6,1,16.7,4.43,0.74,0.00,0.00,0,0,Matches,290,pt POR,FW,Gençlerbirliği,27-047,1999,2,122,61,27.1,1.4,1,77,0,1,45,0,0.00,1,2,-1,-0.74,+0.09,Matches,241,pt POR,FW,Gençlerbirliği,27-047,1999,1.4,0,0,0,2,1,1,0,0,0,,,0,Matches
242,Umut Meraş,tr TUR,"DF,MF",Amedspor,30-271,1995,5,3,329,3.7,0,0,0,0,0,0,1,0,0.00,0.00,0.00,0.00,0.00,Matches,,,,,,,,,,,,,,,,,,,,,,,,,,,242,tr TUR,"DF,MF",Amedspor,30-271,1995,3.7,0,2,0,0.0,0.55,0.00,0.00,,0,0,Matches,291,tr TUR,"DF,MF",Amedspor,30-271,1995,5,329,66,73.1,3.7,3,90,3,2,30,0,2.00,9,4,+5,+1.37,-0.12,Matches,242,tr TUR,"DF,MF",Amedspor,30-271,1995,3.7,1,0,0,4,1,0,8,4,2,,,0,Matches
243,Levent Mercan,de GER,DF,Fenerbahçe,25-281,2000,3,1,123,1.4,0,1,1,0,0,0,0,0,0.00,0.73,0.73,0.00,0.73,Matches,,,,,,,,,,,,,,,,,,,,,,,,,,,243,de GER,DF,Fenerbahçe,25-281,2000,1.4,0,1,0,0.0,0.73,0.00,0.00,,0,0,Matches,292,de GER,DF,Fenerbahçe,25-281,2000,3,123,41,27.3,1.4,1,90,1,2,17,2,2.00,1,3,-2,-1.46,-2.56,Matches,243,de GER,DF,Fenerbahçe,25-281,2000,1.4,0,0,0,2,2,0,8,1,2,,,0,Matches
244,Konrad Michalak,pl POL,MF,Eyüpspor,28-363,1997,5,4,381,4.2,0,0,0,0,0,0,0,0,0.00,0.00,0.00,0.00,0.00,Matches,,,,,,,,,,,,,,,,,,,,,,,,,,,244,pl POL,MF,Eyüpspor,28-363,1997,4.2,0,6,1,16.7,1.42,0.24,0.00,0.00,0,0,Matches,293,pl POL,MF,Eyüpspor,28-363,1997,5,381,76,84.7,4.2,4,89,3,1,27,0,0.60,2,7,-5,-1.18,+0.12,Matches,244,pl POL,MF,Eyüpspor,28-363,1997,4.2,0,0,0,2,5,1,17,2,1,,,0,Matches
245,Valentin Mihaila,ro ROU,MF,Rizespor,26-227,2000,3,1,96,1.1,0,0,0,0,0,0,0,1,0.00,0.00,0.00,0.00,0.00,Matches,,,,,,,,,,,,,,,,,,,,,,,,,,,245,ro ROU,MF,Rizespor,26-227,2000,1.1,0,6,2,33.3,5.63,1.87,0.00,0.00,0,0,Matches,294,ro ROU,MF,Rizespor,26-227,2000,3,96,32,21.3,1.1,1,43,0,2,27,0,2.00,1,2,-1,-0.94,-1.45,Matches,245,ro ROU,MF,Rizespor,26-227,2000,1.1,0,1,0,2,0,0,4,0,0,,,0,Matches
246,Metehan Mimaroğlu,,MF,Trabzonspor,32-072,1994,3,1,105,1.2,0,1,1,0,0,0,0,0,0.00,0.86,0.86,0.00,0.86,Matches,,,,,,,,,,,,,,,,,,,,,,,,,,,246,,MF,Trabzonspor,32-072,1994,1.2,0,2,2,100.0,1.71,1.71,0.00,0.00,0,0,Matches,295,,MF,Trabzonspor,32-072,1994,3,105,35,23.3,1.2,1,57,0,2,24,2,1.33,2,2,0,0.00,-1.04,Matches,246,,MF,Trabzonspor,32-072,1994,1.2,0,0,0,1,1,0,8,0,2,,,0,Matches
247,Fabio Miretti,it ITA,MF,Beşiktaş,23-045,2003,1,0,14,0.2,0,0,0,0,0,0,0,0,0.00,0.00,0.00,0.00,0.00,Matches,,,,,,,,,,,,,,,,,,,,,,,,,,,247,it ITA,MF,Beşiktaş,23-045,2003,0.2,0,0,0,,0.00,0.00,,,0,0,Matches,296,it ITA,MF,Beşiktaş,23-045,2003,1,14,14,3.1,0.2,0,,0,1,14,0,3.00,1,0,+1,+6.43,+4.98,Matches,247,it ITA,MF,Beşiktaş,23-045,2003,0.2,0,0,0,1,1,0,1,0,1,,,0,Matches
248,Attila Mocsi,hu HUN,DF,Rizespor,26-111,2000,5,5,442,4.9,0,0,0,0,0,0,3,0,0.00,0.00,0.00,0.00,0.00,Matches,,,,,,,,,,,,,,,,,,,,,,,,,,,248,hu HUN,DF,Rizespor,26-111,2000,4.9,0,5,1,20.0,1.02,0.20,0.00,0.00,0,0,Matches,298,hu HUN,DF,Rizespor,26-111,2000,5,442,88,98.2,4.9,5,88,4,0,,0,1.80,5,4,+1,+0.20,+0.20,Matches,248,hu HUN,DF,Rizespor,26-111,2000,4.9,3,0,0,8,0,0,7,4,4,,,0,Matches
249,Mostafa Mohamed,eg EGY,FW,Konyaspor,28-293,1997,2,0,53,0.6,0,0,0,0,0,0,0,0,0.00,0.00,0.00,0.00,0.00,Matches,,,,,,,,,,,,,,,,,,,,,,,,,,,249,eg EGY,FW,Konyaspor,28-293,1997,0.6,0,3,0,0.0,5.09,0.00,0.00,,0,0,Matches,299,eg EGY,FW,Konyaspor,28-293,1997,2,53,27,11.8,0.6,0,,0,2,27,0,1.50,0,0,0,0.00,+0.91,Matches,249,eg EGY,FW,Konyaspor,28-293,1997,0.6,0,0,0,0,0,0,0,0,0,,,0,Matches
250,Horaţiu Moldovan,ro ROU,GK,Eyüpspor,28-240,1998,5,5,450,5.0,0,0,0,0,0,0,0,0,0.00,0.00,0.00,0.00,0.00,Matches,13.0,ro ROU,GK,Eyüpspor,28-240,1998.0,5.0,5.0,450.0,5.0,8.0,1.6,22.0,14.0,63.6,1.0,0.0,4.0,0.0,0.0,0.0,0.0,0.0,0.0,,Matches,250,ro ROU,GK,Eyüpspor,28-240,1998,5.0,0,0,0,,0.00,0.00,,,0,0,Matches,300,ro ROU,GK,Eyüpspor,28-240,1998,5,450,90,100.0,5.0,5,90,5,0,,0,0.60,2,8,-6,-1.20,,Matches,250,ro ROU,GK,Eyüpspor,28-240,1998,5.0,0,0,0,0,0,0,0,0,0,,,0,Matches
251,Mame Mor Faye,sn SEN,FW,Rizespor,21-067,2005,2,0,21,0.2,0,0,0,0,0,0,0,0,0.00,0.00,0.00,0.00,0.00,Matches,,,,,,,,,,,,,,,,,,,,,,,,,,,251,sn SEN,FW,Rizespor,21-067,2005,0.2,0,1,0,0.0,4.29,0.00,0.00,,0,0,Matches,301,sn SEN,FW,Rizespor,21-067,2005,2,21,11,4.7,0.2,0,,0,2,11,0,1.50,1,0,+1,+4.29,+4.29,Matches,251,sn SEN,FW,Rizespor,21-067,2005,0.2,0,0,0,0,0,0,2,0,0,,,0,Matches
252,Ederson Moraes,br BRA,GK,Fenerbahçe,33-031,1993,4,4,360,4.0,0,0,0,0,0,0,1,0,0.00,0.00,0.00,0.00,0.00,Matches,14.0,br BRA,GK,Fenerbahçe,33-031,1993.0,4.0,4.0,360.0,4.0,4.0,1.0,14.0,10.0,71.4,2.0,1.0,1.0,2.0,50.0,0.0,0.0,0.0,0.0,,Matches,252,br BRA,GK,Fenerbahçe,33-031,1993,4.0,0,0,0,,0.00,0.00,,,0,0,Matches,302,br BRA,GK,Fenerbahçe,33-031,1993,4,360,90,80.0,4.0,4,90,4,0,,0,1.75,7,4,+3,+0.75,+1.75,Matches,252,br BRA,GK,Fenerbahçe,33-031,1993,4.0,1,0,0,0,1,0,0,0,0,,,0,Matches
253,Marius Mouandilmadji,td CHA,FW,Samsunspor,28-238,1998,2,2,180,2.0,1,0,1,0,1,2,0,0,0.50,0.00,0.50,0.00,0.00,Matches,,,,,,,,,,,,,,,,,,,,,,,,,,,253,td CHA,FW,Samsunspor,28-238,1998,2.0,1,8,1,12.5,4.00,0.50,0.13,1.00,1,2,Matches,303,td CHA,FW,Samsunspor,28-238,1998,2,180,90,40.0,2.0,2,90,2,0,,0,0.50,4,8,-4,-2.00,-1.67,Matches,253,td CHA,FW,Samsunspor,28-238,1998,2.0,0,0,0,3,3,4,0,0,0,,,0,Matches
254,Kevin Mouanga,cg CGO,DF,Kasımpaşa,26-055,2000,1,1,90,1.0,0,0,0,0,0,0,0,0,0.00,0.00,0.00,0.00,0.00,Matches,,,,,,,,,,,,,,,,,,,,,,,,,,,254,cg CGO,DF,Kasımpaşa,26-055,2000,1.0,0,0,0,,0.00,0.00,,,0,0,Matches,304,cg CGO,DF,Kasımpaşa,26-055,2000,1,90,90,20.0,1.0,1,90,1,0,,2,3.00,2,1,+1,+1.00,+0.75,Matches,254,cg CGO,DF,Kasımpaşa,26-055,2000,1.0,0,0,0,1,2,0,0,2,0,,,0,Matches
255,Youssoufa Moukoko,de GER,FW,Yeni Çorumspor,21-301,2004,2,0,33,0.4,0,1,1,0,0,0,0,0,0.00,2.73,2.73,0.00,2.73,Matches,,,,,,,,,,,,,,,,,,,,,,,,,,,255,de GER,FW,Yeni Çorumspor,21-301,2004,0.4,0,2,1,50.0,5.45,2.73,0.00,0.00,0,0,Matches,305,de GER,FW,Yeni Çorumspor,21-301,2004,2,33,17,7.3,0.4,0,,0,2,17,0,3.00,3,0,+3,+8.18,+8.40,Matches,255,de GER,FW,Yeni Çorumspor,21-301,2004,0.4,0,0,0,0,0,0,0,0,0,,,0,Matches
256,Ernest Muçi,al ALB,MF,Trabzonspor,25-182,2001,4,4,269,3.0,1,2,3,1,0,0,1,0,0.33,0.67,1.00,0.33,1.00,Matches,,,,,,,,,,,,,,,,,,,,,,,,,,,256,al ALB,MF,Trabzonspor,25-182,2001,3.0,1,13,6,46.2,4.35,2.01,0.08,0.17,0,0,Matches,306,al ALB,MF,Trabzonspor,25-182,2001,4,269,67,59.8,3.0,4,67,0,0,,0,1.50,7,3,+4,+1.34,+1.34,Matches,256,al ALB,MF,Trabzonspor,25-182,2001,3.0,1,0,0,2,0,0,17,2,4,,,0,Matches
257,Nihad Mujakić,ba BIH,DF,Erzurum BB,28-155,1998,5,5,426,4.7,0,0,0,0,0,0,0,0,0.00,0.00,0.00,0.00,0.00,Matches,,,,,,,,,,,,,,,,,,,,,,,,,,,257,ba BIH,DF,Erzurum BB,28-155,1998,4.7,0,0,0,,0.00,0.00,,,0,0,Matches,307,ba BIH,DF,Erzurum BB,28-155,1998,5,426,85,94.7,4.7,5,85,4,0,,0,0.80,2,10,-8,-1.69,+2.06,Matches,257,ba BIH,DF,Erzurum BB,28-155,1998,4.7,0,0,0,2,2,0,7,1,9,,,0,Matches
258,Atakan Müjde,,DF,Kasımpaşa,23-235,2003,1,0,9,0.1,0,0,0,0,0,0,0,0,0.00,0.00,0.00,0.00,0.00,Matches,,,,,,,,,,,,,,,,,,,,,,,,,,,258,,DF,Kasımpaşa,23-235,2003,0.1,0,0,0,,0.00,0.00,,,0,0,Matches,308,,DF,Kasımpaşa,23-235,2003,1,9,9,2.0,0.1,0,,0,1,9,4,1.00,0,1,-1,-10.00,-10.61,Matches,258,,DF,Kasımpaşa,23-235,2003,0.1,0,0,0,0,0,0,0,0,0,,,0,Matches
259,Mert Müldür,tr TUR,DF,Fenerbahçe,27-167,1999,2,2,155,1.7,0,0,0,0,0,0,0,0,0.00,0.00,0.00,0.00,0.00,Matches,,,,,,,,,,,,,,,,,,,,,,,,,,,259,tr TUR,DF,Fenerbahçe,27-167,1999,1.7,0,1,0,0.0,0.58,0.00,0.00,,0,0,Matches,310,tr TUR,DF,Fenerbahçe,27-167,1999,2,155,78,34.4,1.7,2,78,0,0,,3,0.50,1,2,-1,-0.58,-1.50,Matches,259,tr TUR,DF,Fenerbahçe,27-167,1999,1.7,0,0,0,0,0,0,3,3,1,,,0,Matches
260,Jackson Muleka,cd COD,"FW,MF",Konyaspor,26-348,1999,5,5,424,4.7,0,0,0,0,0,0,1,0,0.00,0.00,0.00,0.00,0.00,Matches,,,,,,,,,,,,,,,,,,,,,,,,,,,260,cd COD,"FW,MF",Konyaspor,26-348,1999,4.7,0,6,2,33.3,1.27,0.42,0.00,0.00,0,0,Matches,311,cd COD,"FW,MF",Konyaspor,26-348,1999,5,424,85,94.2,4.7,5,85,3,0,,0,0.60,3,8,-5,-1.06,-4.52,Matches,260,cd COD,"FW,MF",Konyaspor,26-348,1999,4.7,1,0,0,12,10,1,6,0,1,,,0,Matches
261,Vedat Muriqi,xk KVX,FW,Fenerbahçe,32-146,1994,5,3,255,2.8,2,1,3,2,0,0,1,0,0.71,0.35,1.06,0.71,1.06,Matches,,,,,,,,,,,,,,,,,,,,,,,,,,,261,xk KVX,FW,Fenerbahçe,32-146,1994,2.8,2,12,7,58.3,4.24,2.47,0.17,0.29,0,0,Matches,312,xk KVX,FW,Fenerbahçe,32-146,1994,5,255,51,56.7,2.8,3,66,0,2,29,0,1.40,7,2,+5,+1.76,+3.15,Matches,261,xk KVX,FW,Fenerbahçe,32-146,1994,2.8,1,0,0,8,7,3,0,0,0,,,0,Matches
262,Wilfred Ndidi,ng NGA,MF,Beşiktaş,29-275,1996,5,1,147,1.6,0,0,0,0,0,0,0,0,0.00,0.00,0.00,0.00,0.00,Matches,,,,,,,,,,,,,,,,,,,,,,,,,,,262,ng NGA,MF,Beşiktaş,29-275,1996,1.6,0,1,1,100.0,0.61,0.61,0.00,0.00,0,0,Matches,314,ng NGA,MF,Beşiktaş,29-275,1996,5,147,29,32.7,1.6,1,90,1,4,14,0,2.40,3,2,+1,+0.61,-1.47,Matches,262,ng NGA,MF,Beşiktaş,29-275,1996,1.6,0,0,0,5,0,1,2,3,3,,,0,Matches
263,Renato Nhaga,gw GNB,MF,Galatasaray,19-174,2007,1,0,10,0.1,0,0,0,0,0,0,0,0,0.00,0.00,0.00,0.00,0.00,Matches,,,,,,,,,,,,,,,,,,,,,,,,,,,263,gw GNB,MF,Galatasaray,19-174,2007,0.1,0,0,0,,0.00,0.00,,,0,0,Matches,315,gw GNB,MF,Galatasaray,19-174,2007,1,10,10,2.2,0.1,0,,0,1,10,4,3.00,0,0,0,0.00,-1.43,Matches,263,gw GNB,MF,Galatasaray,19-174,2007,0.1,0,0,0,0,0,0,0,0,0,,,0,Matches
264,Cheikh Niasse,sn SEN,MF,Gençlerbirliği,26-241,2000,1,0,30,0.3,0,0,0,0,0,0,1,0,0.00,0.00,0.00,0.00,0.00,Matches,,,,,,,,,,,,,,,,,,,,,,,,,,,264,sn SEN,MF,Gençlerbirliği,26-241,2000,0.3,0,0,0,,0.00,0.00,,,0,0,Matches,316,sn SEN,MF,Gençlerbirliği,26-241,2000,1,30,30,6.7,0.3,0,,0,1,30,0,3.00,0,0,0,0.00,+0.86,Matches,264,sn SEN,MF,Gençlerbirliği,26-241,2000,0.3,1,0,0,0,2,0,0,0,0,,,0,Matches
265,Alexander Nübel,de GER,GK,Beşiktaş,29-352,1996,5,5,450,5.0,0,0,0,0,0,0,0,0,0.00,0.00,0.00,0.00,0.00,Matches,15.0,de GER,GK,Beşiktaş,29-352,1996.0,5.0,5.0,450.0,5.0,4.0,0.8,9.0,5.0,55.6,4.0,0.0,1.0,2.0,40.0,0.0,0.0,0.0,0.0,,Matches,265,de GER,GK,Beşiktaş,29-352,1996,5.0,0,0,0,,0.00,0.00,,,0,0,Matches,317,de GER,GK,Beşiktaş,29-352,1996,5,450,90,100.0,5.0,5,90,5,0,,0,2.40,12,4,+8,+1.60,,Matches,265,de GER,GK,Beşiktaş,29-352,1996,5.0,0,0,0,0,2,0,0,0,0,,,0,Matches
266,Chibuike Nwaiwu,ng NGA,DF,Trabzonspor,23-056,2003,5,5,442,4.9,0,0,0,0,0,0,3,0,0.00,0.00,0.00,0.00,0.00,Matches,,,,,,,,,,,,,,,,,,,,,,,,,,,266,ng NGA,DF,Trabzonspor,23-056,2003,4.9,0,5,2,40.0,1.02,0.41,0.00,0.00,0,0,Matches,318,ng NGA,DF,Trabzonspor,23-056,2003,5,442,88,98.2,4.9,5,88,4,0,,0,1.40,9,5,+4,+0.81,+0.81,Matches,266,ng NGA,DF,Trabzonspor,23-056,2003,4.9,3,0,0,6,6,0,1,9,5,,,0,Matches
267,Junior Olaitan,bj BEN,MF,Beşiktaş,24-131,2002,5,4,374,4.2,0,2,2,0,0,0,0,0,0.00,0.48,0.48,0.00,0.48,Matches,,,,,,,,,,,,,,,,,,,,,,,,,,,267,bj BEN,MF,Beşiktaş,24-131,2002,4.2,0,6,2,33.3,1.44,0.48,0.00,0.00,0,0,Matches,319,bj BEN,MF,Beşiktaş,24-131,2002,5,374,75,83.1,4.2,4,82,1,1,45,0,2.40,11,4,+7,+1.68,+0.50,Matches,267,bj BEN,MF,Beşiktaş,24-131,2002,4.2,0,0,0,1,6,2,3,0,3,,,0,Matches
268,Ibrahim Olawoyin,ng NGA,MF,Rizespor,28-290,1997,5,4,307,3.4,0,0,0,0,0,0,0,0,0.00,0.00,0.00,0.00,0.00,Matches,,,,,,,,,,,,,,,,,,,,,,,,,,,268,ng NGA,MF,Rizespor,28-290,1997,3.4,0,6,2,33.3,1.76,0.59,0.00,0.00,0,0,Matches,320,ng NGA,MF,Rizespor,28-290,1997,5,307,61,68.2,3.4,4,71,1,1,23,0,1.80,4,3,+1,+0.29,+0.29,Matches,268,ng NGA,MF,Rizespor,28-290,1997,3.4,0,0,0,3,2,2,3,3,6,,,0,Matches
269,André Onana,cm CMR,GK,Trabzonspor,30-168,1996,5,5,450,5.0,0,0,0,0,0,0,1,0,0.00,0.00,0.00,0.00,0.00,Matches,16.0,cm CMR,GK,Trabzonspor,30-168,1996.0,5.0,5.0,450.0,5.0,5.0,1.0,24.0,19.0,79.2,2.0,1.0,2.0,1.0,20.0,3.0,2.0,1.0,0.0,33.3,Matches,269,cm CMR,GK,Trabzonspor,30-168,1996,5.0,0,0,0,,0.00,0.00,,,0,0,Matches,322,cm CMR,GK,Trabzonspor,30-168,1996,5,450,90,100.0,5.0,5,90,5,0,,0,1.40,9,5,+4,+0.80,,Matches,269,cm CMR,GK,Trabzonspor,30-168,1996,5.0,1,0,0,0,1,0,0,0,1,,,0,Matches
270,Paul Onuachu,ng NGA,FW,Trabzonspor,32-112,1994,5,5,399,4.4,2,0,2,2,0,0,0,0,0.45,0.00,0.45,0.45,0.45,Matches,,,,,,,,,,,,,,,,,,,,,,,,,,,270,ng NGA,FW,Trabzonspor,32-112,1994,4.4,2,9,2,22.2,2.03,0.45,0.22,1.00,0,0,Matches,323,ng NGA,FW,Trabzonspor,32-112,1994,5,399,80,88.7,4.4,5,80,3,0,,0,1.40,7,5,+2,+0.45,-3.08,Matches,270,ng NGA,FW,Trabzonspor,32-112,1994,4.4,0,0,0,2,4,5,0,1,1,,,0,Matches
271,Samed Onur,tr TUR,MF,Samsunspor,24-064,2002,5,2,178,2.0,0,0,0,0,0,0,0,0,0.00,0.00,0.00,0.00,0.00,Matches,,,,,,,,,,,,,,,,,,,,,,,,,,,271,tr TUR,MF,Samsunspor,24-064,2002,2.0,0,2,1,50.0,1.01,0.51,0.00,0.00,0,0,Matches,324,tr TUR,MF,Samsunspor,24-064,2002,5,178,36,39.6,2.0,2,67,0,3,15,0,0.80,2,4,-2,-1.01,-0.02,Matches,271,tr TUR,MF,Samsunspor,24-064,2002,2.0,0,0,0,4,7,0,6,5,4,,,0,Matches
272,Christopher Opéri,ci CIV,DF,Başakşehir,29-141,1997,5,5,422,4.7,1,0,1,1,0,0,2,0,0.21,0.00,0.21,0.21,0.21,Matches,,,,,,,,,,,,,,,,,,,,,,,,,,,272,ci CIV,DF,Başakşehir,29-141,1997,4.7,1,4,1,25.0,0.85,0.21,0.25,1.00,0,0,Matches,325,ci CIV,DF,Başakşehir,29-141,1997,5,422,84,93.8,4.7,5,84,4,0,,0,0.80,4,9,-5,-1.07,-1.07,Matches,272,ci CIV,DF,Başakşehir,29-141,1997,4.7,2,0,0,5,6,0,18,8,8,,,0,Matches
273,Jerome Opoku,gh GHA,DF,Başakşehir,27-338,1998,5,5,450,5.0,0,0,0,0,0,0,1,0,0.00,0.00,0.00,0.00,0.00,Matches,,,,,,,,,,,,,,,,,,,,,,,,,,,273,gh GHA,DF,Başakşehir,27-338,1998,5.0,0,2,0,0.0,0.40,0.00,0.00,,0,0,Matches,326,gh GHA,DF,Başakşehir,27-338,1998,5,450,90,100.0,5.0,5,90,5,0,,0,0.80,6,11,-5,-1.00,,Matches,273,gh GHA,DF,Başakşehir,27-338,1998,5.0,1,0,0,5,6,0,1,4,1,,,0,Matches
274,Victor Orakpo,ng NGA,FW,Gençlerbirliği,20-246,2006,1,0,9,0.1,0,0,0,0,0,0,0,0,0.00,0.00,0.00,0.00,0.00,Matches,,,,,,,,,,,,,,,,,,,,,,,,,,,274,ng NGA,FW,Gençlerbirliği,20-246,2006,0.1,0,0,0,,0.00,0.00,,,0,0,Matches,327,ng NGA,FW,Gençlerbirliği,20-246,2006,1,9,9,2.0,0.1,0,,0,1,9,1,0.00,0,0,0,0.00,+0.82,Matches,274,ng NGA,FW,Gençlerbirliği,20-246,2006,0.1,0,0,0,1,0,0,0,0,0,,,0,Matches
275,Gift Orban,ng NGA,"FW,MF",Amedspor,24-062,2002,5,3,342,3.8,6,1,7,6,0,0,1,0,1.58,0.26,1.84,1.58,1.84,Matches,,,,,,,,,,,,,,,,,,,,,,,,,,,275,ng NGA,"FW,MF",Amedspor,24-062,2002,3.8,6,14,6,42.9,3.68,1.58,0.43,1.00,0,0,Matches,328,ng NGA,"FW,MF",Amedspor,24-062,2002,5,342,68,76.0,3.8,3,85,1,2,43,0,2.00,10,3,+7,+1.84,+1.84,Matches,275,ng NGA,"FW,MF",Amedspor,24-062,2002,3.8,1,0,0,3,1,6,1,0,1,,,0,Matches
276,Matija Orbanić,hr CRO,GK,Erzurum BB,26-111,2000,2,2,180,2.0,0,0,0,0,0,0,0,0,0.00,0.00,0.00,0.00,0.00,Matches,17.0,hr CRO,GK,Erzurum BB,26-111,2000.0,2.0,2.0,180.0,2.0,7.0,3.5,9.0,2.0,22.2,0.0,0.0,2.0,0.0,0.0,0.0,0.0,0.0,0.0,,Matches,276,hr CRO,GK,Erzurum BB,26-111,2000,2.0,0,0,0,,0.00,0.00,,,0,0,Matches,329,hr CRO,GK,Erzurum BB,26-111,2000,2,180,90,40.0,2.0,2,90,2,0,,3,0.00,0,7,-7,-3.50,-2.83,Matches,276,hr CRO,GK,Erzurum BB,26-111,2000,2.0,0,0,0,0,0,0,0,0,0,,,0,Matches
277,Emir Ortakaya,tr TUR,DF,Kocaelispor,22-087,2004,3,1,106,1.2,0,0,0,0,0,0,0,0,0.00,0.00,0.00,0.00,0.00,Matches,,,,,,,,,,,,,,,,,,,,,,,,,,,277,tr TUR,DF,Kocaelispor,22-087,2004,1.2,0,0,0,,0.00,0.00,,,0,0,Matches,330,tr TUR,DF,Kocaelispor,22-087,2004,3,106,35,23.6,1.2,1,90,1,2,8,2,2.00,2,0,+2,+1.70,+1.96,Matches,277,tr TUR,DF,Kocaelispor,22-087,2004,1.2,0,0,0,1,2,0,1,2,0,,,0,Matches
278,Victor Osimhen,ng NGA,FW,Galatasaray,27-262,1998,4,4,302,3.4,6,2,8,5,1,1,0,0,1.79,0.60,2.38,1.49,2.09,Matches,,,,,,,,,,,,,,,,,,,,,,,,,,,278,ng NGA,FW,Galatasaray,27-262,1998,3.4,6,35,16,45.7,10.43,4.77,0.17,0.38,1,1,Matches,331,ng NGA,FW,Galatasaray,27-262,1998,4,302,76,67.1,3.4,4,76,3,0,,0,2.50,10,4,+6,+1.79,+1.18,Matches,278,ng NGA,FW,Galatasaray,27-262,1998,3.4,0,0,0,2,5,8,3,1,0,,,0,Matches
279,Kassoum Ouattara,fr FRA,DF,Beşiktaş,21-338,2004,4,1,172,1.9,0,0,0,0,0,0,1,0,0.00,0.00,0.00,0.00,0.00,Matches,,,,,,,,,,,,,,,,,,,,,,,,,,,279,fr FRA,DF,Beşiktaş,21-338,2004,1.9,0,2,0,0.0,1.05,0.00,0.00,,0,0,Matches,332,fr FRA,DF,Beşiktaş,21-338,2004,4,172,43,38.2,1.9,1,90,1,3,27,1,2.25,4,1,+3,+1.57,-0.05,Matches,279,fr FRA,DF,Beşiktaş,21-338,2004,1.9,1,0,0,2,1,0,9,2,4,,,0,Matches
280,Orhan Ovacıklı,tr TUR,DF,Erzurum BB,37-298,1988,5,5,396,4.4,0,0,0,0,0,0,0,0,0.00,0.00,0.00,0.00,0.00,Matches,,,,,,,,,,,,,,,,,,,,,,,,,,,280,tr TUR,DF,Erzurum BB,37-298,1988,4.4,0,2,1,50.0,0.45,0.23,0.00,0.00,0,0,Matches,333,tr TUR,DF,Erzurum BB,37-298,1988,5,396,79,88.0,4.4,5,79,1,0,,0,0.80,2,9,-7,-1.59,+1.74,Matches,280,tr TUR,DF,Erzurum BB,37-298,1988,4.4,0,0,0,3,12,0,14,3,11,,,0,Matches
281,Elisha Owusu,gh GHA,MF,Erzurum BB,28-314,1997,4,4,327,3.6,0,0,0,0,0,0,1,0,0.00,0.00,0.00,0.00,0.00,Matches,,,,,,,,,,,,,,,,,,,,,,,,,,,281,gh GHA,MF,Erzurum BB,28-314,1997,3.6,0,0,0,,0.00,0.00,,,0,0,Matches,334,gh GHA,MF,Erzurum BB,28-314,1997,4,327,82,72.7,3.6,4,82,3,0,,0,1.00,2,8,-6,-1.65,+0.54,Matches,281,gh GHA,MF,Erzurum BB,28-314,1997,3.6,1,0,0,10,4,0,0,7,5,,,0,Matches
282,Berkay Özcan,tr TUR,MF,Başakşehir,28-214,1998,1,0,8,0.1,0,0,0,0,0,0,0,0,0.00,0.00,0.00,0.00,0.00,Matches,,,,,,,,,,,,,,,,,,,,,,,,,,,282,tr TUR,MF,Başakşehir,28-214,1998,0.1,0,0,0,,0.00,0.00,,,0,0,Matches,335,tr TUR,MF,Başakşehir,28-214,1998,1,8,8,1.8,0.1,0,,0,1,8,4,0.00,0,1,-1,-11.25,-10.44,Matches,282,tr TUR,MF,Başakşehir,28-214,1998,0.1,0,0,0,1,0,0,0,0,0,,,0,Matches
283,Salih Özcan,tr TUR,MF,Beşiktaş,28-249,1998,5,5,385,4.3,0,0,0,0,0,0,1,0,0.00,0.00,0.00,0.00,0.00,Matches,,,,,,,,,,,,,,,,,,,,,,,,,,,283,tr TUR,MF,Beşiktaş,28-249,1998,4.3,0,2,1,50.0,0.47,0.23,0.00,0.00,0,0,Matches,336,tr TUR,MF,Beşiktaş,28-249,1998,5,385,77,85.6,4.3,5,77,3,0,,0,2.40,11,3,+8,+1.87,+1.87,Matches,283,tr TUR,MF,Beşiktaş,28-249,1998,4.3,1,0,0,11,10,0,0,8,9,,,0,Matches
284,Ogün Özçiçek,,MF,Gaziantep,27-236,1999,1,0,9,0.1,0,0,0,0,0,0,0,0,0.00,0.00,0.00,0.00,0.00,Matches,,,,,,,,,,,,,,,,,,,,,,,,,,,284,,MF,Gaziantep,27-236,1999,0.1,0,0,0,,0.00,0.00,,,0,0,Matches,338,,MF,Gaziantep,27-236,1999,1,9,9,2.0,0.1,0,,0,1,9,3,3.00,0,1,-1,-10.00,-10.61,Matches,284,,MF,Gaziantep,27-236,1999,0.1,0,0,0,0,0,0,0,0,0,,,0,Matches
285,Arda Özçimen,tr TUR,GK,Göztepe,24-252,2002,2,1,135,1.5,0,0,0,0,0,0,0,0,0.00,0.00,0.00,0.00,0.00,Matches,18.0,tr TUR,GK,Göztepe,24-252,2002.0,2.0,1.0,135.0,1.5,2.0,1.33,6.0,4.0,66.7,0.0,1.0,0.0,0.0,0.0,0.0,0.0,0.0,0.0,,Matches,285,tr TUR,GK,Göztepe,24-252,2002,1.5,0,0,0,,0.00,0.00,,,0,0,Matches,339,tr TUR,GK,Göztepe,24-252,2002,2,135,68,30.0,1.5,1,90,1,1,45,3,0.50,4,2,+2,+1.33,+3.05,Matches,285,tr TUR,GK,Göztepe,24-252,2002,1.5,0,0,0,0,0,0,0,0,0,,,0,Matches
286,Berat Özdemir,tr TUR,MF,Yeni Çorumspor,28-117,1998,5,2,224,2.5,0,0,0,0,0,0,0,0,0.00,0.00,0.00,0.00,0.00,Matches,,,,,,,,,,,,,,,,,,,,,,,,,,,286,tr TUR,MF,Yeni Çorumspor,28-117,1998,2.5,0,0,0,,0.00,0.00,,,0,0,Matches,340,tr TUR,MF,Yeni Çorumspor,28-117,1998,5,224,45,49.8,2.5,2,80,1,3,21,0,1.40,6,6,0,0.00,-0.80,Matches,286,tr TUR,MF,Yeni Çorumspor,28-117,1998,2.5,0,0,0,2,1,0,1,0,3,,,0,Matches
287,Yusuf Özdemir,tr TUR,"DF,MF",Alanyaspor,25-250,2001,5,0,95,1.1,0,0,0,0,0,0,0,0,0.00,0.00,0.00,0.00,0.00,Matches,,,,,,,,,,,,,,,,,,,,,,,,,,,287,tr TUR,"DF,MF",Alanyaspor,25-250,2001,1.1,0,1,0,0.0,0.95,0.00,0.00,,0,0,Matches,341,tr TUR,"DF,MF",Alanyaspor,25-250,2001,5,95,19,21.1,1.1,0,,0,5,19,0,1.60,3,2,+1,+0.95,+0.95,Matches,287,tr TUR,"DF,MF",Alanyaspor,25-250,2001,1.1,0,0,0,3,1,1,3,1,2,,,0,Matches
288,Cenk Özkacar,tr TUR,DF,Trabzonspor,25-346,2000,1,0,21,0.2,0,0,0,0,0,0,0,0,0.00,0.00,0.00,0.00,0.00,Matches,,,,,,,,,,,,,,,,,,,,,,,,,,,288,tr TUR,DF,Trabzonspor,25-346,2000,0.2,0,0,0,,0.00,0.00,,,0,0,Matches,342,tr TUR,DF,Trabzonspor,25-346,2000,1,21,21,4.7,0.2,0,,0,1,21,4,3.00,0,0,0,0.00,-0.84,Matches,288,tr TUR,DF,Trabzonspor,25-346,2000,0.2,0,0,0,0,0,0,0,0,0,,,0,Matches
289,Serhat Öztaşdelen,,GK,Kocaelispor,21-282,2004,5,5,450,5.0,0,0,0,0,0,0,0,0,0.00,0.00,0.00,0.00,0.00,Matches,19.0,,GK,Kocaelispor,21-282,2004.0,5.0,5.0,450.0,5.0,4.0,0.8,20.0,16.0,80.0,3.0,0.0,2.0,2.0,40.0,0.0,0.0,0.0,0.0,,Matches,289,,GK,Kocaelispor,21-282,2004,5.0,0,0,0,,0.00,0.00,,,0,0,Matches,343,,GK,Kocaelispor,21-282,2004,5,450,90,100.0,5.0,5,90,5,0,,0,1.80,5,4,+1,+0.20,,Matches,289,,GK,Kocaelispor,21-282,2004,5.0,0,0,0,0,2,0,0,0,0,,,0,Matches
290,Onur Öztonga,,DF,Kocaelispor,26-254,2000,1,0,1,0.0,0,0,0,0,0,0,0,0,0.00,0.00,0.00,0.00,0.00,Matches,,,,,,,,,,,,,,,,,,,,,,,,,,,290,,DF,Kocaelispor,26-254,2000,0.0,0,0,0,,0.00,0.00,,,0,0,Matches,344,,DF,Kocaelispor,26-254,2000,1,1,1,0.2,0.0,0,,0,1,1,4,3.00,0,0,0,0.00,-0.20,Matches,290,,DF,Kocaelispor,26-254,2000,0.0,0,0,0,0,0,0,0,0,0,,,0,Matches
291,Arda Özyar,,FW,Kocaelispor,19-154,2007,2,0,11,0.1,0,0,0,0,0,0,0,0,0.00,0.00,0.00,0.00,0.00,Matches,,,,,,,,,,,,,,,,,,,,,,,,,,,291,,FW,Kocaelispor,19-154,2007,0.1,0,2,1,50.0,16.36,8.18,0.00,0.00,0,0,Matches,346,,FW,Kocaelispor,19-154,2007,2,11,6,2.4,0.1,0,,0,2,6,1,0.00,0,0,0,0.00,-0.21,Matches,291,,FW,Kocaelispor,19-154,2007,0.1,0,0,0,1,0,0,0,0,0,,,0,Matches
292,Bedirhan Özyurt,,DF,Alanyaspor,23-176,2003,2,0,11,0.1,0,0,0,0,0,0,0,0,0.00,0.00,0.00,0.00,0.00,Matches,,,,,,,,,,,,,,,,,,,,,,,,,,,292,,DF,Alanyaspor,23-176,2003,0.1,0,0,0,,0.00,0.00,,,0,0,Matches,347,,DF,Alanyaspor,23-176,2003,2,11,6,2.4,0.1,0,,0,2,6,3,3.00,0,0,0,0.00,-0.21,Matches,292,,DF,Alanyaspor,23-176,2003,0.1,0,0,0,0,0,0,0,0,0,,,0,Matches
293,Mithat Pala,,DF,Rizespor,26-033,2000,5,5,450,5.0,0,1,1,0,0,0,2,0,0.00,0.20,0.20,0.00,0.20,Matches,,,,,,,,,,,,,,,,,,,,,,,,,,,293,,DF,Rizespor,26-033,2000,5.0,0,4,1,25.0,0.80,0.20,0.00,0.00,0,0,Matches,348,,DF,Rizespor,26-033,2000,5,450,90,100.0,5.0,5,90,5,0,,0,1.80,5,4,+1,+0.20,,Matches,293,,DF,Rizespor,26-033,2000,5.0,2,0,0,3,14,0,14,4,7,,,0,Matches
294,Alexandre Penetra,pt POR,DF,Yeni Çorumspor,25-008,2001,4,3,281,3.1,0,0,0,0,0,0,0,0,0.00,0.00,0.00,0.00,0.00,Matches,,,,,,,,,,,,,,,,,,,,,,,,,,,294,pt POR,DF,Yeni Çorumspor,25-008,2001,3.1,0,0,0,,0.00,0.00,,,0,0,Matches,349,pt POR,DF,Yeni Çorumspor,25-008,2001,4,281,70,62.4,3.1,3,90,3,1,11,1,1.00,4,9,-5,-1.60,-5.33,Matches,294,pt POR,DF,Yeni Çorumspor,25-008,2001,3.1,0,0,0,3,0,1,2,2,2,,,0,Matches
295,Pedro Pereira,pt POR,DF,Gençlerbirliği,28-238,1998,5,5,450,5.0,0,0,0,0,0,0,1,0,0.00,0.00,0.00,0.00,0.00,Matches,,,,,,,,,,,,,,,,,,,,,,,,,,,295,pt POR,DF,Gençlerbirliği,28-238,1998,5.0,0,0,0,,0.00,0.00,,,0,0,Matches,351,pt POR,DF,Gençlerbirliği,28-238,1998,5,450,90,100.0,5.0,5,90,5,0,,0,1.40,5,9,-4,-0.80,,Matches,295,pt POR,DF,Gençlerbirliği,28-238,1998,5.0,1,0,0,4,0,1,9,10,7,,,0,Matches
296,Luis Pérez,es ESP,DF,Gaziantep,31-225,1995,5,5,450,5.0,0,0,0,0,0,0,0,0,0.00,0.00,0.00,0.00,0.00,Matches,,,,,,,,,,,,,,,,,,,,,,,,,,,296,es ESP,DF,Gaziantep,31-225,1995,5.0,0,1,0,0.0,0.20,0.00,0.00,,0,0,Matches,352,es ESP,DF,Gaziantep,31-225,1995,5,450,90,100.0,5.0,5,90,5,0,,0,1.60,7,5,+2,+0.40,,Matches,296,es ESP,DF,Gaziantep,31-225,1995,5.0,0,0,0,4,8,0,5,4,6,,,0,Matches
297,Wagner Pina,cv CPV,DF,Trabzonspor,23-318,2002,4,3,290,3.2,0,1,1,0,0,0,0,0,0.00,0.31,0.31,0.00,0.31,Matches,,,,,,,,,,,,,,,,,,,,,,,,,,,297,cv CPV,DF,Trabzonspor,23-318,2002,3.2,0,1,0,0.0,0.31,0.00,0.00,,0,0,Matches,353,cv CPV,DF,Trabzonspor,23-318,2002,4,290,73,64.4,3.2,3,90,3,1,20,1,1.00,6,3,+3,+0.93,+0.37,Matches,297,cv CPV,DF,Trabzonspor,23-318,2002,3.2,0,0,0,8,8,3,6,2,3,,,0,Matches
298,Lenny Pintor,fr FRA,MF,Eyüpspor,26-043,2000,5,2,192,2.1,0,0,0,0,0,0,0,0,0.00,0.00,0.00,0.00,0.00,Matches,,,,,,,,,,,,,,,,,,,,,,,,,,,298,fr FRA,MF,Eyüpspor,26-043,2000,2.1,0,2,1,50.0,0.94,0.47,0.00,0.00,0,0,Matches,354,fr FRA,MF,Eyüpspor,26-043,2000,5,192,38,42.7,2.1,2,68,0,3,19,0,0.60,1,4,-3,-1.41,-0.36,Matches,298,fr FRA,MF,Eyüpspor,26-043,2000,2.1,0,0,0,3,5,0,5,3,1,,,0,Matches
299,Ernest Poku,nl NED,"FW,MF",Beşiktaş,22-232,2004,2,0,15,0.2,0,0,0,0,0,0,0,0,0.00,0.00,0.00,0.00,0.00,Matches,,,,,,,,,,,,,,,,,,,,,,,,,,,299,nl NED,"FW,MF",Beşiktaş,22-232,2004,0.2,0,0,0,,0.00,0.00,,,0,0,Matches,356,nl NED,"FW,MF",Beşiktaş,22-232,2004,2,15,8,3.3,0.2,0,,0,2,8,1,3.00,0,0,0,0.00,-1.66,Matches,299,nl NED,"FW,MF",Beşiktaş,22-232,2004,0.2,0,0,0,0,0,0,0,0,1,,,0,Matches
300,Marcus Rafferty,se SWE,MF,Kasımpaşa,21-351,2004,5,2,189,2.1,0,1,1,0,0,0,0,0,0.00,0.48,0.48,0.00,0.48,Matches,,,,,,,,,,,,,,,,,,,,,,,,,,,300,se SWE,MF,Kasımpaşa,21-351,2004,2.1,0,2,1,50.0,0.95,0.48,0.00,0.00,0,0,Matches,357,se SWE,MF,Kasımpaşa,21-351,2004,5,189,38,42.0,2.1,2,56,0,3,26,0,1.80,6,1,+5,+2.38,+3.42,Matches,300,se SWE,MF,Kasımpaşa,21-351,2004,2.1,0,0,0,4,2,0,0,0,0,,,0,Matches
301,Jesurun Rak Sakyi,gh GHA,MF,Kasımpaşa,23-347,2002,2,1,69,0.8,0,0,0,0,0,0,1,0,0.00,0.00,0.00,0.00,0.00,Matches,,,,,,,,,,,,,,,,,,,,,,,,,,,301,gh GHA,MF,Kasımpaşa,23-347,2002,0.8,0,0,0,,0.00,0.00,,,0,0,Matches,358,gh GHA,MF,Kasımpaşa,23-347,2002,2,69,35,15.3,0.8,1,60,0,1,9,0,2.00,0,2,-2,-2.61,-3.55,Matches,301,gh GHA,MF,Kasımpaşa,23-347,2002,0.8,1,0,0,2,2,0,1,0,0,,,0,Matches
302,Ylber Ramadani,al ALB,MF,Yeni Çorumspor,30-158,1996,4,4,302,3.4,0,0,0,0,0,0,2,0,0.00,0.00,0.00,0.00,0.00,Matches,,,,,,,,,,,,,,,,,,,,,,,,,,,302,al ALB,MF,Yeni Çorumspor,30-158,1996,3.4,0,1,0,0.0,0.30,0.00,0.00,,0,0,Matches,359,al ALB,MF,Yeni Çorumspor,30-158,1996,4,302,76,67.1,3.4,4,76,2,0,,0,1.50,8,4,+4,+1.19,+2.41,Matches,302,al ALB,MF,Yeni Çorumspor,30-158,1996,3.4,2,0,0,10,4,0,1,4,3,,,0,Matches
303,Jesús Ramírez,ve VEN,FW,Yeni Çorumspor,28-136,1998,5,5,409,4.5,3,1,4,3,0,0,1,0,0.66,0.22,0.88,0.66,0.88,Matches,,,,,,,,,,,,,,,,,,,,,,,,,,,303,ve VEN,FW,Yeni Çorumspor,28-136,1998,4.5,3,15,6,40.0,3.30,1.32,0.20,0.50,0,0,Matches,360,ve VEN,FW,Yeni Çorumspor,28-136,1998,5,409,82,90.9,4.5,5,82,2,0,,0,1.40,10,8,+2,+0.44,+0.44,Matches,303,ve VEN,FW,Yeni Çorumspor,28-136,1998,4.5,1,0,0,8,10,2,1,1,1,,,0,Matches
304,Milot Rashica,xk KVX,"FW,MF",Beşiktaş,30-081,1996,1,0,3,0.0,0,0,0,0,0,0,0,0,0.00,0.00,0.00,0.00,0.00,Matches,,,,,,,,,,,,,,,,,,,,,,,,,,,304,xk KVX,"FW,MF",Beşiktaş,30-081,1996,0.0,0,0,0,,0.00,0.00,,,0,0,Matches,361,xk KVX,"FW,MF",Beşiktaş,30-081,1996,1,3,3,0.7,0.0,0,,0,1,3,1,3.00,0,0,0,0.00,-1.61,Matches,304,xk KVX,"FW,MF",Beşiktaş,30-081,1996,0.0,0,0,0,0,0,0,0,0,0,,,0,Matches
305,Rayan Raveloson,mg MAD,MF,Amedspor,29-244,1997,5,5,439,4.9,0,1,1,0,0,0,1,0,0.00,0.21,0.21,0.00,0.21,Matches,,,,,,,,,,,,,,,,,,,,,,,,,,,305,mg MAD,MF,Amedspor,29-244,1997,4.9,0,5,1,20.0,1.03,0.21,0.00,0.00,0,0,Matches,362,mg MAD,MF,Amedspor,29-244,1997,5,439,88,97.6,4.9,5,88,4,0,,0,2.00,12,4,+8,+1.64,+9.82,Matches,305,mg MAD,MF,Amedspor,29-244,1997,4.9,1,0,0,9,7,0,1,3,3,,,0,Matches
306,Rhaldney,br BRA,MF,Göztepe,27-301,1998,5,3,343,3.8,1,0,1,1,0,0,1,0,0.26,0.00,0.26,0.26,0.26,Matches,,,,,,,,,,,,,,,,,,,,,,,,,,,306,br BRA,MF,Göztepe,27-301,1998,3.8,1,4,2,50.0,1.05,0.52,0.25,0.50,0,0,Matches,363,br BRA,MF,Göztepe,27-301,1998,5,343,69,76.2,3.8,3,89,1,2,38,0,0.40,7,11,-4,-1.05,-1.05,Matches,306,br BRA,MF,Göztepe,27-301,1998,3.8,1,0,0,6,3,0,20,5,4,,,0,Matches
307,Rigoberto Rivas,hn HON,DF,Kocaelispor,28-048,1998,1,1,90,1.0,0,0,0,0,0,0,0,0,0.00,0.00,0.00,0.00,0.00,Matches,,,,,,,,,,,,,,,,,,,,,,,,,,,307,hn HON,DF,Kocaelispor,28-048,1998,1.0,0,0,0,,0.00,0.00,,,0,0,Matches,364,hn HON,DF,Kocaelispor,28-048,1998,1,90,90,20.0,1.0,1,90,1,0,,0,0.00,0,2,-2,-2.00,-2.75,Matches,307,hn HON,DF,Kocaelispor,28-048,1998,1.0,0,0,0,2,1,0,2,1,1,,,0,Matches
308,Martín Rodríguez,cl CHI,MF,Erzurum BB,32-043,1994,5,5,385,4.3,0,0,0,0,0,0,1,0,0.00,0.00,0.00,0.00,0.00,Matches,,,,,,,,,,,,,,,,,,,,,,,,,,,308,cl CHI,MF,Erzurum BB,32-043,1994,4.3,0,5,0,0.0,1.17,0.00,0.00,,0,0,Matches,365,cl CHI,MF,Erzurum BB,32-043,1994,5,385,77,85.6,4.3,5,77,0,0,,0,0.80,2,9,-7,-1.64,+1.13,Matches,308,cl CHI,MF,Erzurum BB,32-043,1994,4.3,1,0,0,6,8,2,16,2,0,,,0,Matches
309,Ruan,br BRA,"MF,DF",Alanyaspor,21-137,2005,5,5,397,4.4,1,0,1,1,0,0,0,0,0.23,0.00,0.23,0.23,0.23,Matches,,,,,,,,,,,,,,,,,,,,,,,,,,,309,br BRA,"MF,DF",Alanyaspor,21-137,2005,4.4,1,9,4,44.4,2.04,0.91,0.11,0.25,0,0,Matches,366,br BRA,"MF,DF",Alanyaspor,21-137,2005,5,397,79,88.2,4.4,5,79,0,0,,0,1.60,4,3,+1,+0.23,+0.23,Matches,309,br BRA,"MF,DF",Alanyaspor,21-137,2005,4.4,0,0,0,6,5,0,0,5,4,,,0,Matches
310,Serdar Saatçı,tr TUR,DF,Yeni Çorumspor,23-215,2003,2,2,180,2.0,0,0,0,0,0,0,0,0,0.00,0.00,0.00,0.00,0.00,Matches,,,,,,,,,,,,,,,,,,,,,,,,,,,310,tr TUR,DF,Yeni Çorumspor,23-215,2003,2.0,0,0,0,,0.00,0.00,,,0,0,Matches,367,tr TUR,DF,Yeni Çorumspor,23-215,2003,2,180,90,40.0,2.0,2,90,2,0,,2,3.00,8,1,+7,+3.50,+5.17,Matches,310,tr TUR,DF,Yeni Çorumspor,23-215,2003,2.0,0,0,0,4,2,0,0,3,2,,,0,Matches
311,Dia Saba,il ISR,MF,Amedspor,33-303,1992,5,5,425,4.7,2,0,2,2,0,0,1,0,0.42,0.00,0.42,0.42,0.42,Matches,,,,,,,,,,,,,,,,,,,,,,,,,,,311,il ISR,MF,Amedspor,33-303,1992,4.7,2,15,5,33.3,3.18,1.06,0.13,0.40,0,0,Matches,368,il ISR,MF,Amedspor,33-303,1992,5,425,85,94.4,4.7,5,85,2,0,,0,2.00,12,4,+8,+1.69,+5.29,Matches,311,il ISR,MF,Amedspor,33-303,1992,4.7,1,0,0,3,6,2,29,1,4,,,0,Matches
312,Abdelhamid Sabiri,ma MAR,MF,Eyüpspor,29-293,1996,2,2,108,1.2,0,0,0,0,0,0,0,0,0.00,0.00,0.00,0.00,0.00,Matches,,,,,,,,,,,,,,,,,,,,,,,,,,,312,ma MAR,MF,Eyüpspor,29-293,1996,1.2,0,1,0,0.0,0.83,0.00,0.00,,0,0,Matches,369,ma MAR,MF,Eyüpspor,29-293,1996,2,108,54,24.0,1.2,2,54,0,0,,0,0.00,0,2,-2,-1.67,-0.61,Matches,312,ma MAR,MF,Eyüpspor,29-293,1996,1.2,0,0,0,3,10,0,3,1,0,,,0,Matches
313,Modibo Sagnan,ml MLI,DF,Rizespor,27-156,1999,5,5,447,5.0,0,0,0,0,0,0,2,0,0.00,0.00,0.00,0.00,0.00,Matches,,,,,,,,,,,,,,,,,,,,,,,,,,,313,ml MLI,DF,Rizespor,27-156,1999,5.0,0,5,2,40.0,1.01,0.40,0.00,0.00,0,0,Matches,371,ml MLI,DF,Rizespor,27-156,1999,5,447,89,99.3,5.0,5,89,4,0,,0,1.80,5,4,+1,+0.20,+0.20,Matches,313,ml MLI,DF,Rizespor,27-156,1999,5.0,2,0,0,10,2,0,0,6,5,,,0,Matches
314,Mohamed Salah,eg EGY,"MF,FW",Trabzonspor,34-094,1992,5,4,393,4.4,4,1,5,3,1,1,1,0,0.92,0.23,1.15,0.69,0.92,Matches,,,,,,,,,,,,,,,,,,,,,,,,,,,314,eg EGY,"MF,FW",Trabzonspor,34-094,1992,4.4,4,15,7,46.7,3.44,1.60,0.27,0.57,1,1,Matches,372,eg EGY,"MF,FW",Trabzonspor,34-094,1992,5,393,79,87.3,4.4,4,90,4,1,33,0,1.40,8,4,+4,+0.92,+0.92,Matches,314,eg EGY,"MF,FW",Trabzonspor,34-094,1992,4.4,1,0,0,4,8,2,19,0,0,,,0,Matches
315,Roland Sallai,hu HUN,DF,Galatasaray,29-118,1997,5,5,425,4.7,1,0,1,1,0,0,2,0,0.21,0.00,0.21,0.21,0.21,Matches,,,,,,,,,,,,,,,,,,,,,,,,,,,315,hu HUN,DF,Galatasaray,29-118,1997,4.7,1,10,2,20.0,2.12,0.42,0.10,0.50,0,0,Matches,373,hu HUN,DF,Galatasaray,29-118,1997,5,425,85,94.4,4.7,5,85,4,0,,0,2.60,12,6,+6,+1.27,-2.33,Matches,315,hu HUN,DF,Galatasaray,29-118,1997,4.7,2,0,0,10,6,1,23,7,5,,,0,Matches
316,Davinson Sánchez,co COL,DF,Galatasaray,30-097,1996,5,5,430,4.8,1,0,1,1,0,0,1,0,0.21,0.00,0.21,0.21,0.21,Matches,,,,,,,,,,,,,,,,,,,,,,,,,,,316,co COL,DF,Galatasaray,30-097,1996,4.8,1,4,1,25.0,0.84,0.21,0.25,1.00,0,0,Matches,374,co COL,DF,Galatasaray,30-097,1996,5,430,86,95.6,4.8,5,86,4,0,,0,2.60,12,6,+6,+1.26,-3.24,Matches,316,co COL,DF,Galatasaray,30-097,1996,4.8,1,0,0,3,4,1,0,2,4,,,1,Matches
317,Leroy Sané,de GER,MF,Galatasaray,30-249,1996,5,2,227,2.5,0,0,0,0,0,0,0,0,0.00,0.00,0.00,0.00,0.00,Matches,,,,,,,,,,,,,,,,,,,,,,,,,,,317,de GER,MF,Galatasaray,30-249,1996,2.5,0,6,3,50.0,2.38,1.19,0.00,0.00,0,0,Matches,375,de GER,MF,Galatasaray,30-249,1996,5,227,45,50.4,2.5,2,85,0,3,19,0,2.60,4,4,0,0.00,-2.83,Matches,317,de GER,MF,Galatasaray,30-249,1996,2.5,0,0,0,1,1,0,2,0,1,,,0,Matches
318,Juan Santos,br BRA,FW,Göztepe,24-195,2002,5,2,270,3.0,4,0,4,2,2,2,2,0,1.33,0.00,1.33,0.67,0.67,Matches,,,,,,,,,,,,,,,,,,,,,,,,,,,318,br BRA,FW,Göztepe,24-195,2002,3.0,4,7,6,85.7,2.33,2.00,0.57,0.67,2,2,Matches,376,br BRA,FW,Göztepe,24-195,2002,5,270,54,60.0,3.0,2,84,1,3,34,0,0.40,6,8,-2,-0.67,+0.33,Matches,318,br BRA,FW,Göztepe,24-195,2002,3.0,2,0,0,6,2,4,4,2,1,,,0,Matches
319,Gabriel Sara,br BRA,MF,Galatasaray,27-083,1999,5,5,400,4.4,2,2,4,2,0,0,0,0,0.45,0.45,0.90,0.45,0.90,Matches,,,,,,,,,,,,,,,,,,,,,,,,,,,319,br BRA,MF,Galatasaray,27-083,1999,4.4,2,15,5,33.3,3.38,1.13,0.13,0.40,0,0,Matches,378,br BRA,MF,Galatasaray,27-083,1999,5,400,80,88.9,4.4,5,80,3,0,,0,2.60,12,6,+6,+1.35,-0.45,Matches,319,br BRA,MF,Galatasaray,27-083,1999,4.4,0,0,0,5,1,0,39,2,1,,,0,Matches
320,Yusuf Sari,tr TUR,MF,Başakşehir,27-301,1998,3,0,118,1.3,0,0,0,0,0,0,0,0,0.00,0.00,0.00,0.00,0.00,Matches,,,,,,,,,,,,,,,,,,,,,,,,,,,320,tr TUR,MF,Başakşehir,27-301,1998,1.3,0,3,0,0.0,2.29,0.00,0.00,,0,0,Matches,379,tr TUR,MF,Başakşehir,27-301,1998,3,118,39,26.2,1.3,0,,0,3,39,1,1.33,1,5,-4,-3.05,-2.78,Matches,320,tr TUR,MF,Başakşehir,27-301,1998,1.3,0,0,0,1,1,1,5,0,1,,,0,Matches
321,Stefan Savić,me MNE,DF,Trabzonspor,35-252,1991,5,5,450,5.0,0,0,0,0,0,0,2,0,0.00,0.00,0.00,0.00,0.00,Matches,,,,,,,,,,,,,,,,,,,,,,,,,,,321,me MNE,DF,Trabzonspor,35-252,1991,5.0,0,4,3,75.0,0.80,0.60,0.00,0.00,0,0,Matches,381,me MNE,DF,Trabzonspor,35-252,1991,5,450,90,100.0,5.0,5,90,5,0,,0,1.40,9,5,+4,+0.80,,Matches,321,me MNE,DF,Trabzonspor,35-252,1991,5.0,2,0,0,4,4,0,0,7,2,,,0,Matches
322,Noah Saviolo,pt POR,MF,Trabzonspor,22-194,2004,4,2,142,1.6,1,0,1,1,0,0,0,0,0.63,0.00,0.63,0.63,0.63,Matches,,,,,,,,,,,,,,,,,,,,,,,,,,,322,pt POR,MF,Trabzonspor,22-194,2004,1.6,1,3,3,100.0,1.90,1.90,0.33,0.33,0,0,Matches,382,pt POR,MF,Trabzonspor,22-194,2004,4,142,36,31.6,1.6,2,50,0,2,22,0,1.00,2,1,+1,+0.63,-0.24,Matches,322,pt POR,MF,Trabzonspor,22-194,2004,1.6,0,0,0,1,5,1,9,0,0,,,0,Matches
323,Gökhan Sazdağı,tr TUR,DF,Yeni Çorumspor,31-362,1994,5,5,439,4.9,0,1,1,0,0,0,2,0,0.00,0.21,0.21,0.00,0.21,Matches,,,,,,,,,,,,,,,,,,,,,,,,,,,323,tr TUR,DF,Yeni Çorumspor,31-362,1994,4.9,0,1,1,100.0,0.21,0.21,0.00,0.00,0,0,Matches,383,tr TUR,DF,Yeni Çorumspor,31-362,1994,5,439,88,97.6,4.9,5,88,4,0,,0,1.40,12,10,+2,+0.41,+0.41,Matches,323,tr TUR,DF,Yeni Çorumspor,31-362,1994,4.9,2,0,0,9,4,0,16,5,5,,,0,Matches
324,Anto Sekongo,ci CIV,FW,Samsunspor,22-096,2004,5,1,200,2.2,0,0,0,0,0,0,0,0,0.00,0.00,0.00,0.00,0.00,Matches,,,,,,,,,,,,,,,,,,,,,,,,,,,324,ci CIV,FW,Samsunspor,22-096,2004,2.2,0,6,0,0.0,2.70,0.00,0.00,,0,0,Matches,384,ci CIV,FW,Samsunspor,22-096,2004,5,200,40,44.4,2.2,1,87,0,4,28,0,0.80,1,4,-3,-1.35,-0.63,Matches,324,ci CIV,FW,Samsunspor,22-096,2004,2.2,0,0,0,3,6,0,1,1,0,,,0,Matches
325,Davie Selke,de GER,FW,Başakşehir,31-240,1995,3,0,67,0.7,0,0,0,0,0,0,1,0,0.00,0.00,0.00,0.00,0.00,Matches,,,,,,,,,,,,,,,,,,,,,,,,,,,325,de GER,FW,Başakşehir,31-240,1995,0.7,0,1,0,0.0,1.34,0.00,0.00,,0,0,Matches,385,de GER,FW,Başakşehir,31-240,1995,3,67,22,14.9,0.7,0,,0,3,22,2,1.33,0,1,-1,-1.34,-0.40,Matches,325,de GER,FW,Başakşehir,31-240,1995,0.7,1,0,0,3,2,0,0,0,0,,,0,Matches
326,Nélson Semedo,pt POR,DF,Fenerbahçe,32-305,1993,5,3,295,3.3,0,0,0,0,0,0,0,0,0.00,0.00,0.00,0.00,0.00,Matches,,,,,,,,,,,,,,,,,,,,,,,,,,,326,pt POR,DF,Fenerbahçe,32-305,1993,3.3,0,1,1,100.0,0.31,0.31,0.00,0.00,0,0,Matches,386,pt POR,DF,Fenerbahçe,32-305,1993,5,295,59,65.6,3.3,3,90,3,2,13,0,1.40,7,4,+3,+0.92,+1.50,Matches,326,pt POR,DF,Fenerbahçe,32-305,1993,3.3,0,0,0,3,2,0,3,2,3,,,0,Matches
327,Muhammed Şengezer,tr TUR,GK,Başakşehir,29-255,1997,3,3,270,3.0,0,0,0,0,0,0,0,0,0.00,0.00,0.00,0.00,0.00,Matches,20.0,tr TUR,GK,Başakşehir,29-255,1997.0,3.0,3.0,270.0,3.0,3.0,1.0,16.0,13.0,81.3,1.0,1.0,1.0,1.0,33.3,0.0,0.0,0.0,0.0,,Matches,327,tr TUR,GK,Başakşehir,29-255,1997,3.0,0,0,0,,0.00,0.00,,,0,0,Matches,387,tr TUR,GK,Başakşehir,29-255,1997,3,270,90,60.0,3.0,3,90,3,0,,0,1.33,4,3,+1,+0.33,+3.33,Matches,327,tr TUR,GK,Başakşehir,29-255,1997,3.0,0,0,0,0,0,0,0,0,0,,,0,Matches
328,İlkan Sever,,FW,Erzurum BB,21-335,2004,1,0,9,0.1,0,0,0,0,0,0,0,0,0.00,0.00,0.00,0.00,0.00,Matches,,,,,,,,,,,,,,,,,,,,,,,,,,,328,,FW,Erzurum BB,21-335,2004,0.1,0,0,0,,0.00,0.00,,,0,0,Matches,389,,FW,Erzurum BB,21-335,2004,1,9,9,2.0,0.1,0,,0,1,9,1,0.00,0,0,0,0.00,+1.84,Matches,328,,FW,Erzurum BB,21-335,2004,0.1,0,0,0,0,1,0,0,0,0,,,0,Matches
329,Eldor Shomurodov,uz UZB,"MF,FW",Başakşehir,31-080,1995,5,5,426,4.7,4,0,4,2,2,2,0,0,0.85,0.00,0.85,0.42,0.42,Matches,,,,,,,,,,,,,,,,,,,,,,,,,,,329,uz UZB,"MF,FW",Başakşehir,31-080,1995,4.7,4,16,5,31.3,3.38,1.06,0.25,0.80,2,2,Matches,390,uz UZB,"MF,FW",Başakşehir,31-080,1995,5,426,85,94.7,4.7,5,85,3,0,,0,0.80,6,10,-4,-0.85,+2.90,Matches,329,uz UZB,"MF,FW",Başakşehir,31-080,1995,4.7,0,0,0,7,3,0,4,1,3,,,0,Matches
330,Show,ao ANG,MF,Kocaelispor,27-195,1999,5,5,450,5.0,0,1,1,0,0,0,0,0,0.00,0.20,0.20,0.00,0.20,Matches,,,,,,,,,,,,,,,,,,,,,,,,,,,330,ao ANG,MF,Kocaelispor,27-195,1999,5.0,0,3,0,0.0,0.60,0.00,0.00,,0,0,Matches,391,ao ANG,MF,Kocaelispor,27-195,1999,5,450,90,100.0,5.0,5,90,5,0,,0,1.80,5,4,+1,+0.20,,Matches,330,ao ANG,MF,Kocaelispor,27-195,1999,5.0,0,0,0,11,3,0,1,8,5,,,0,Matches
331,Aral Şimşir,dk DEN,"MF,FW",Trabzonspor,24-090,2002,5,4,322,3.6,0,1,1,0,0,0,1,0,0.00,0.28,0.28,0.00,0.28,Matches,,,,,,,,,,,,,,,,,,,,,,,,,,,331,dk DEN,"MF,FW",Trabzonspor,24-090,2002,3.6,0,4,1,25.0,1.12,0.28,0.00,0.00,0,0,Matches,392,dk DEN,"MF,FW",Trabzonspor,24-090,2002,5,322,64,71.6,3.6,4,66,0,1,57,0,1.40,7,5,+2,+0.56,-0.85,Matches,331,dk DEN,"MF,FW",Trabzonspor,24-090,2002,3.6,1,0,0,1,12,0,15,2,4,,,0,Matches
332,Wilfried Singo,ci CIV,"DF,MF",Galatasaray,25-266,2000,2,0,43,0.5,0,0,0,0,0,0,0,0,0.00,0.00,0.00,0.00,0.00,Matches,,,,,,,,,,,,,,,,,,,,,,,,,,,332,ci CIV,"DF,MF",Galatasaray,25-266,2000,0.5,0,0,0,,0.00,0.00,,,0,0,Matches,393,ci CIV,"DF,MF",Galatasaray,25-266,2000,2,43,22,9.6,0.5,0,,0,2,22,1,3.00,1,0,+1,+2.09,+0.77,Matches,332,ci CIV,"DF,MF",Galatasaray,25-266,2000,0.5,0,0,0,1,0,0,0,2,0,,,0,Matches
333,Andreas Skov Olsen,dk DEN,MF,Başakşehir,26-262,1999,5,5,366,4.1,0,1,1,0,0,0,0,0,0.00,0.25,0.25,0.00,0.25,Matches,,,,,,,,,,,,,,,,,,,,,,,,,,,333,dk DEN,MF,Başakşehir,26-262,1999,4.1,0,7,2,28.6,1.72,0.49,0.00,0.00,0,0,Matches,394,dk DEN,MF,Başakşehir,26-262,1999,5,366,73,81.3,4.1,5,73,0,0,,0,0.80,6,5,+1,+0.25,+6.67,Matches,333,dk DEN,MF,Başakşehir,26-262,1999,4.1,0,0,0,4,4,0,25,1,3,,,0,Matches
334,Milan Škriniar,sk SVK,DF,Fenerbahçe,31-218,1995,5,5,450,5.0,1,0,1,1,0,0,1,0,0.20,0.00,0.20,0.20,0.20,Matches,,,,,,,,,,,,,,,,,,,,,,,,,,,334,sk SVK,DF,Fenerbahçe,31-218,1995,5.0,1,4,2,50.0,0.80,0.40,0.25,0.50,0,0,Matches,395,sk SVK,DF,Fenerbahçe,31-218,1995,5,450,90,100.0,5.0,5,90,5,0,,0,1.40,8,6,+2,+0.40,,Matches,334,sk SVK,DF,Fenerbahçe,31-218,1995,5.0,1,0,0,3,5,0,0,6,7,,,0,Matches
335,Hrvoje Smolčić,hr CRO,DF,Yeni Çorumspor,26-031,2000,5,5,426,4.7,0,0,0,0,0,0,0,0,0.00,0.00,0.00,0.00,0.00,Matches,,,,,,,,,,,,,,,,,,,,,,,,,,,335,hr CRO,DF,Yeni Çorumspor,26-031,2000,4.7,0,1,0,0.0,0.21,0.00,0.00,,0,0,Matches,396,hr CRO,DF,Yeni Çorumspor,26-031,2000,5,426,85,94.7,4.7,5,85,3,0,,0,1.40,11,9,+2,+0.42,+0.42,Matches,335,hr CRO,DF,Yeni Çorumspor,26-031,2000,4.7,0,0,0,3,3,0,1,8,3,,,0,Matches
336,Yira Sor,ng NGA,MF,Amedspor,26-055,2000,3,3,215,2.4,1,0,1,1,0,0,0,0,0.42,0.00,0.42,0.42,0.42,Matches,,,,,,,,,,,,,,,,,,,,,,,,,,,336,ng NGA,MF,Amedspor,26-055,2000,2.4,1,5,3,60.0,2.09,1.26,0.20,0.33,0,0,Matches,397,ng NGA,MF,Amedspor,26-055,2000,3,215,72,47.8,2.4,3,72,1,0,,0,2.00,4,3,+1,+0.42,-1.88,Matches,336,ng NGA,MF,Amedspor,26-055,2000,2.4,0,0,0,3,2,1,5,4,3,,,0,Matches
337,Deian Sorescu,ro ROU,"MF,DF",Gaziantep,29-019,1997,5,5,401,4.5,2,0,2,2,0,0,0,0,0.45,0.00,0.45,0.45,0.45,Matches,,,,,,,,,,,,,,,,,,,,,,,,,,,337,ro ROU,"MF,DF",Gaziantep,29-019,1997,4.5,2,12,2,16.7,2.69,0.45,0.17,1.00,0,0,Matches,398,ro ROU,"MF,DF",Gaziantep,29-019,1997,5,401,80,89.1,4.5,5,80,2,0,,0,1.60,7,4,+3,+0.67,+2.51,Matches,337,ro ROU,"MF,DF",Gaziantep,29-019,1997,4.5,0,0,0,3,7,2,19,6,3,,,0,Matches
338,Afonso Sousa,pt POR,"FW,MF",Samsunspor,26-137,2000,1,0,25,0.3,0,0,0,0,0,0,0,0,0.00,0.00,0.00,0.00,0.00,Matches,,,,,,,,,,,,,,,,,,,,,,,,,,,338,pt POR,"FW,MF",Samsunspor,26-137,2000,0.3,0,0,0,,0.00,0.00,,,0,0,Matches,400,pt POR,"FW,MF",Samsunspor,26-137,2000,1,25,25,5.6,0.3,0,,0,1,25,0,0.00,0,0,0,0.00,+1.06,Matches,338,pt POR,"FW,MF",Samsunspor,26-137,2000,0.3,0,0,0,0,0,0,1,0,0,,,0,Matches
339,Gonçalo Sousa,pt POR,"MF,FW",Kocaelispor,20-079,2006,4,4,337,3.7,0,1,1,0,0,0,0,0,0.00,0.27,0.27,0.00,0.27,Matches,,,,,,,,,,,,,,,,,,,,,,,,,,,339,pt POR,"MF,FW",Kocaelispor,20-079,2006,3.7,0,2,1,50.0,0.53,0.27,0.00,0.00,0,0,Matches,401,pt POR,"MF,FW",Kocaelispor,20-079,2006,4,337,84,74.9,3.7,4,84,1,0,,0,2.25,4,2,+2,+0.53,+1.33,Matches,339,pt POR,"MF,FW",Kocaelispor,20-079,2006,3.7,0,0,0,1,3,1,11,3,3,,,0,Matches
340,Ali Sowe,gm GAM,FW,Rizespor,32-095,1994,5,5,436,4.8,2,0,2,2,0,0,1,0,0.41,0.00,0.41,0.41,0.41,Matches,,,,,,,,,,,,,,,,,,,,,,,,,,,340,gm GAM,FW,Rizespor,32-095,1994,4.8,2,9,5,55.6,1.86,1.03,0.22,0.40,0,0,Matches,402,gm GAM,FW,Rizespor,32-095,1994,5,436,87,96.9,4.8,5,87,3,0,,0,1.80,4,3,+1,+0.21,+0.21,Matches,340,gm GAM,FW,Rizespor,32-095,1994,4.8,1,0,0,4,5,2,0,3,0,,,0,Matches
341,Furkan Soyalp,tr TUR,MF,Amedspor,31-097,1995,4,1,165,1.8,0,1,1,0,0,0,1,0,0.00,0.55,0.55,0.00,0.55,Matches,,,,,,,,,,,,,,,,,,,,,,,,,,,341,tr TUR,MF,Amedspor,31-097,1995,1.8,0,5,1,20.0,2.73,0.55,0.00,0.00,0,0,Matches,403,tr TUR,MF,Amedspor,31-097,1995,4,165,41,36.7,1.8,1,84,0,3,27,0,1.75,8,2,+6,+3.27,+2.96,Matches,341,tr TUR,MF,Amedspor,31-097,1995,1.8,1,0,0,5,3,0,1,0,3,,,0,Matches
342,Florin Ștefan,ro ROU,"MF,DF",Gaziantep,30-131,1996,3,3,244,2.7,0,0,0,0,0,0,0,0,0.00,0.00,0.00,0.00,0.00,Matches,,,,,,,,,,,,,,,,,,,,,,,,,,,342,ro ROU,"MF,DF",Gaziantep,30-131,1996,2.7,0,1,1,100.0,0.37,0.37,0.00,0.00,0,0,Matches,405,ro ROU,"MF,DF",Gaziantep,30-131,1996,3,244,81,54.2,2.7,3,81,2,0,,0,1.33,2,3,-1,-0.37,-1.68,Matches,342,ro ROU,"MF,DF",Gaziantep,30-131,1996,2.7,0,0,0,5,3,0,6,4,1,,,0,Matches
343,Trivante Stewart,jm JAM,FW,Gaziantep,26-179,2000,3,2,173,1.9,0,0,0,0,0,0,1,0,0.00,0.00,0.00,0.00,0.00,Matches,,,,,,,,,,,,,,,,,,,,,,,,,,,343,jm JAM,FW,Gaziantep,26-179,2000,1.9,0,6,0,0.0,3.12,0.00,0.00,,0,0,Matches,406,jm JAM,FW,Gaziantep,26-179,2000,3,173,58,38.4,1.9,2,72,0,1,29,1,2.33,2,2,0,0.00,-0.65,Matches,343,jm JAM,FW,Gaziantep,26-179,2000,1.9,1,0,0,2,5,3,0,0,2,,,0,Matches
344,Mahamadou Susoho,es ESP,MF,Kocaelispor,21-240,2005,4,3,234,2.6,0,0,0,0,0,0,1,0,0.00,0.00,0.00,0.00,0.00,Matches,,,,,,,,,,,,,,,,,,,,,,,,,,,344,es ESP,MF,Kocaelispor,21-240,2005,2.6,0,6,0,0.0,2.31,0.00,0.00,,0,0,Matches,407,es ESP,MF,Kocaelispor,21-240,2005,4,234,59,52.0,2.6,3,63,0,1,45,1,2.25,1,2,-1,-0.38,-1.22,Matches,344,es ESP,MF,Kocaelispor,21-240,2005,2.6,1,0,0,5,9,0,0,3,2,,,0,Matches
345,Abakar Sylla,ci CIV,DF,Gaziantep,23-266,2002,2,0,31,0.3,0,0,0,0,0,0,0,0,0.00,0.00,0.00,0.00,0.00,Matches,,,,,,,,,,,,,,,,,,,,,,,,,,,345,ci CIV,DF,Gaziantep,23-266,2002,0.3,0,0,0,,0.00,0.00,,,0,0,Matches,408,ci CIV,DF,Gaziantep,23-266,2002,2,31,16,6.9,0.3,0,,0,2,16,0,2.00,0,1,-1,-2.90,-3.55,Matches,345,ci CIV,DF,Gaziantep,23-266,2002,0.3,0,0,0,1,1,0,0,0,1,,,0,Matches
346,Muhammet Taha Şahin,,DF,Rizespor,25-330,2000,1,1,90,1.0,0,0,0,0,0,0,0,0,0.00,0.00,0.00,0.00,0.00,Matches,,,,,,,,,,,,,,,,,,,,,,,,,,,346,,DF,Rizespor,25-330,2000,1.0,0,1,0,0.0,1.00,0.00,0.00,,0,0,Matches,409,,DF,Rizespor,25-330,2000,1,90,90,20.0,1.0,1,90,1,0,,4,3.00,2,0,+2,+2.00,+2.25,Matches,346,,DF,Rizespor,25-330,2000,1.0,0,0,0,1,2,0,1,0,1,,,0,Matches
347,Tayyib Talha Sanuç,tr TUR,DF,Rizespor,26-274,1999,3,0,24,0.3,0,0,0,0,0,0,0,0,0.00,0.00,0.00,0.00,0.00,Matches,,,,,,,,,,,,,,,,,,,,,,,,,,,347,tr TUR,DF,Rizespor,26-274,1999,0.3,0,0,0,,0.00,0.00,,,0,0,Matches,410,tr TUR,DF,Rizespor,26-274,1999,3,24,8,5.3,0.3,0,,0,3,8,2,2.00,1,1,0,0.00,-0.21,Matches,347,tr TUR,DF,Rizespor,26-274,1999,0.3,0,0,0,1,0,0,0,0,0,,,0,Matches
348,Talisca,br BRA,FW,Fenerbahçe,32-228,1994,1,1,90,1.0,1,0,1,1,0,0,0,0,1.00,0.00,1.00,1.00,1.00,Matches,,,,,,,,,,,,,,,,,,,,,,,,,,,348,br BRA,FW,Fenerbahçe,32-228,1994,1.0,1,7,4,57.1,7.00,4.00,0.14,0.25,0,0,Matches,411,br BRA,FW,Fenerbahçe,32-228,1994,1,90,90,20.0,1.0,1,90,1,0,,0,0.00,1,2,-1,-1.00,-1.75,Matches,348,br BRA,FW,Fenerbahçe,32-228,1994,1.0,0,0,0,1,1,0,0,0,0,,,0,Matches
349,Haluk Tan,tr TUR,DF,Samsunspor,21-143,2005,1,0,2,0.0,0,0,0,0,0,0,0,0,0.00,0.00,0.00,0.00,0.00,Matches,,,,,,,,,,,,,,,,,,,,,,,,,,,349,tr TUR,DF,Samsunspor,21-143,2005,0.0,0,0,0,,0.00,0.00,,,0,0,Matches,412,tr TUR,DF,Samsunspor,21-143,2005,1,2,2,0.4,0.0,0,,0,1,2,4,0.00,0,0,0,0.00,+1.00,Matches,349,tr TUR,DF,Samsunspor,21-143,2005,0.0,0,0,0,0,0,0,0,0,0,,,0,Matches
350,Ertuğrul Taşkıran,tr TUR,GK,Erzurum BB,36-316,1989,3,3,270,3.0,0,0,0,0,0,0,0,0,0.00,0.00,0.00,0.00,0.00,Matches,21.0,tr TUR,GK,Erzurum BB,36-316,1989.0,3.0,3.0,270.0,3.0,4.0,1.33,12.0,8.0,66.7,1.0,1.0,1.0,1.0,33.3,0.0,0.0,0.0,0.0,,Matches,350,tr TUR,GK,Erzurum BB,36-316,1989,3.0,0,0,0,,0.00,0.00,,,0,0,Matches,413,tr TUR,GK,Erzurum BB,36-316,1989,3,270,90,60.0,3.0,3,90,3,0,,2,1.33,2,4,-2,-0.67,+2.83,Matches,350,tr TUR,GK,Erzurum BB,36-316,1989,3.0,0,0,0,0,2,0,0,0,0,,,0,Matches
351,Kacper Tobiasz,pl POL,GK,Gaziantep,23-317,2002,5,5,450,5.0,0,0,0,0,0,0,0,0,0.00,0.00,0.00,0.00,0.00,Matches,22.0,pl POL,GK,Gaziantep,23-317,2002.0,5.0,5.0,450.0,5.0,5.0,1.0,14.0,9.0,64.3,2.0,2.0,1.0,2.0,40.0,2.0,1.0,1.0,0.0,50.0,Matches,351,pl POL,GK,Gaziantep,23-317,2002,5.0,0,0,0,,0.00,0.00,,,0,0,Matches,414,pl POL,GK,Gaziantep,23-317,2002,5,450,90,100.0,5.0,5,90,5,0,,0,1.60,7,5,+2,+0.40,,Matches,351,pl POL,GK,Gaziantep,23-317,2002,5.0,0,0,0,0,1,0,0,0,0,,,0,Matches
352,Logi Tómasson,is ISL,DF,Samsunspor,26-004,2000,5,5,450,5.0,1,0,1,1,0,0,1,0,0.20,0.00,0.20,0.20,0.20,Matches,,,,,,,,,,,,,,,,,,,,,,,,,,,352,is ISL,DF,Samsunspor,26-004,2000,5.0,1,6,2,33.3,1.20,0.40,0.17,0.50,0,0,Matches,415,is ISL,DF,Samsunspor,26-004,2000,5,450,90,100.0,5.0,5,90,5,0,,0,0.80,6,11,-5,-1.00,,Matches,352,is ISL,DF,Samsunspor,26-004,2000,5.0,1,0,0,8,2,0,17,6,4,,,0,Matches
353,Franco Tongya,it ITA,MF,Gençlerbirliği,24-188,2002,5,5,427,4.7,1,0,1,1,0,0,0,0,0.21,0.00,0.21,0.21,0.21,Matches,,,,,,,,,,,,,,,,,,,,,,,,,,,353,it ITA,MF,Gençlerbirliği,24-188,2002,4.7,1,7,3,42.9,1.48,0.63,0.14,0.33,0,0,Matches,416,it ITA,MF,Gençlerbirliği,24-188,2002,5,427,85,94.9,4.7,5,85,4,0,,0,1.40,5,7,-2,-0.42,+7.40,Matches,353,it ITA,MF,Gençlerbirliği,24-188,2002,4.7,0,0,0,5,6,0,2,1,2,,,0,Matches
354,Emir Topçu,tr TUR,DF,Beşiktaş,25-341,2000,3,3,256,2.8,1,0,1,1,0,0,1,0,0.35,0.00,0.35,0.35,0.35,Matches,,,,,,,,,,,,,,,,,,,,,,,,,,,354,tr TUR,DF,Beşiktaş,25-341,2000,2.8,1,2,1,50.0,0.70,0.35,0.50,1.00,0,0,Matches,417,tr TUR,DF,Beşiktaş,25-341,2000,3,256,85,56.9,2.8,3,85,2,0,,2,2.00,5,2,+3,+1.05,-1.26,Matches,354,tr TUR,DF,Beşiktaş,25-341,2000,2.8,1,0,0,5,6,0,1,7,3,,,0,Matches
355,Lucas Torreira,uy URU,MF,Galatasaray,30-218,1996,5,5,432,4.8,1,2,3,1,0,0,0,0,0.21,0.42,0.62,0.21,0.62,Matches,,,,,,,,,,,,,,,,,,,,,,,,,,,355,uy URU,MF,Galatasaray,30-218,1996,4.8,1,2,2,100.0,0.42,0.42,0.50,0.50,0,0,Matches,418,uy URU,MF,Galatasaray,30-218,1996,5,432,86,96.0,4.8,5,86,2,0,,0,2.60,12,6,+6,+1.25,-3.75,Matches,355,uy URU,MF,Galatasaray,30-218,1996,4.8,0,0,0,7,5,0,1,6,7,,,0,Matches
356,Mustafa Tosun,tr TUR,FW,Rizespor,17-254,2009,1,0,11,0.1,0,0,0,0,0,0,0,0,0.00,0.00,0.00,0.00,0.00,Matches,,,,,,,,,,,,,,,,,,,,,,,,,,,356,tr TUR,FW,Rizespor,17-254,2009,0.1,0,0,0,,0.00,0.00,,,0,0,Matches,419,tr TUR,FW,Rizespor,17-254,2009,1,11,11,2.4,0.1,0,,0,1,11,1,0.00,0,0,0,0.00,-0.21,Matches,356,tr TUR,FW,Rizespor,17-254,2009,0.1,0,0,0,0,0,0,0,0,0,,,0,Matches
357,Rajmund Tóth,hu HUN,MF,Konyaspor,22-161,2004,4,2,221,2.5,1,0,1,1,0,0,1,0,0.41,0.00,0.41,0.41,0.41,Matches,,,,,,,,,,,,,,,,,,,,,,,,,,,357,hu HUN,MF,Konyaspor,22-161,2004,2.5,1,4,3,75.0,1.63,1.22,0.25,0.33,0,0,Matches,420,hu HUN,MF,Konyaspor,22-161,2004,4,221,55,49.1,2.5,2,81,1,2,30,0,0.75,2,5,-3,-1.22,-0.83,Matches,357,hu HUN,MF,Konyaspor,22-161,2004,2.5,1,0,0,6,2,1,2,0,3,,,0,Matches
358,Eren Tozlu,tr TUR,FW,Erzurum BB,35-264,1990,5,5,365,4.1,2,0,2,2,0,0,0,0,0.49,0.00,0.49,0.49,0.49,Matches,,,,,,,,,,,,,,,,,,,,,,,,,,,358,tr TUR,FW,Erzurum BB,35-264,1990,4.1,2,10,3,30.0,2.47,0.74,0.20,0.67,0,0,Matches,421,tr TUR,FW,Erzurum BB,35-264,1990,5,365,73,81.1,4.1,5,73,1,0,,0,0.80,2,9,-7,-1.73,+0.39,Matches,358,tr TUR,FW,Erzurum BB,35-264,1990,4.1,0,0,0,8,10,3,1,1,2,,,0,Matches
359,Adama Traoré,ml MLI,MF,Gençlerbirliği,31-104,1995,5,5,437,4.9,1,0,1,1,0,0,0,0,0.21,0.00,0.21,0.21,0.21,Matches,,,,,,,,,,,,,,,,,,,,,,,,,,,359,ml MLI,MF,Gençlerbirliği,31-104,1995,4.9,1,8,5,62.5,1.65,1.03,0.13,0.20,0,0,Matches,422,ml MLI,MF,Gençlerbirliği,31-104,1995,5,437,87,97.1,4.9,5,87,4,0,,0,1.40,5,7,-2,-0.41,+13.43,Matches,359,ml MLI,MF,Gençlerbirliği,31-104,1995,4.9,0,0,0,5,11,1,12,1,4,,,0,Matches
360,Leandro Trossard,be BEL,MF,Beşiktaş,31-287,1994,5,5,381,4.2,1,1,2,1,0,0,1,0,0.24,0.24,0.47,0.24,0.47,Matches,,,,,,,,,,,,,,,,,,,,,,,,,,,360,be BEL,MF,Beşiktaş,31-287,1994,4.2,1,16,3,18.8,3.78,0.71,0.06,0.33,0,0,Matches,423,be BEL,MF,Beşiktaş,31-287,1994,5,381,76,84.7,4.2,5,76,1,0,,0,2.40,12,3,+9,+2.13,+3.43,Matches,360,be BEL,MF,Beşiktaş,31-287,1994,4.2,1,0,0,4,10,2,7,3,1,,,0,Matches
361,Ozan Tufan,tr TUR,MF,Trabzonspor,31-178,1995,5,2,183,2.0,0,0,0,0,0,0,0,0,0.00,0.00,0.00,0.00,0.00,Matches,,,,,,,,,,,,,,,,,,,,,,,,,,,361,tr TUR,MF,Trabzonspor,31-178,1995,2.0,0,1,1,100.0,0.49,0.49,0.00,0.00,0,0,Matches,424,tr TUR,MF,Trabzonspor,31-178,1995,5,183,37,40.7,2.0,2,70,0,3,15,0,1.40,5,2,+3,+1.48,+1.14,Matches,361,tr TUR,MF,Trabzonspor,31-178,1995,2.0,0,0,0,4,5,0,0,1,2,,,0,Matches
362,Bekír Turaç Böke,,FW,Göztepe,27-088,1999,2,0,13,0.1,0,0,0,0,0,0,0,0,0.00,0.00,0.00,0.00,0.00,Matches,,,,,,,,,,,,,,,,,,,,,,,,,,,362,,FW,Göztepe,27-088,1999,0.1,0,1,0,0.0,6.92,0.00,0.00,,0,0,Matches,425,,FW,Göztepe,27-088,1999,2,13,7,2.9,0.1,0,,0,2,7,2,0.50,0,0,0,0.00,+0.82,Matches,362,,FW,Göztepe,27-088,1999,0.1,0,0,0,0,0,0,0,0,0,,,0,Matches
363,Ali Turap Bülbül,tr TUR,DF,Amedspor,21-235,2005,1,0,11,0.1,0,0,0,0,0,0,0,0,0.00,0.00,0.00,0.00,0.00,Matches,,,,,,,,,,,,,,,,,,,,,,,,,,,363,tr TUR,DF,Amedspor,21-235,2005,0.1,0,0,0,,0.00,0.00,,,0,0,Matches,426,tr TUR,DF,Amedspor,21-235,2005,1,11,11,2.4,0.1,0,,0,1,11,0,3.00,1,0,+1,+8.18,+6.95,Matches,363,tr TUR,DF,Amedspor,21-235,2005,0.1,0,0,0,0,0,0,0,0,1,,,0,Matches
364,Deniz Turuc,tr TUR,MF,Konyaspor,33-231,1993,5,4,350,3.9,1,0,1,1,0,0,2,0,0.26,0.00,0.26,0.26,0.26,Matches,,,,,,,,,,,,,,,,,,,,,,,,,,,364,tr TUR,MF,Konyaspor,33-231,1993,3.9,1,10,5,50.0,2.57,1.29,0.10,0.20,0,0,Matches,427,tr TUR,MF,Konyaspor,33-231,1993,5,350,70,77.8,3.9,4,76,1,1,45,0,0.60,4,5,-1,-0.26,+2.44,Matches,364,tr TUR,MF,Konyaspor,33-231,1993,3.9,2,0,0,3,2,1,13,0,2,,,0,Matches
365,Salih Uçan,tr TUR,MF,Gençlerbirliği,32-254,1994,4,0,61,0.7,0,0,0,0,0,0,0,0,0.00,0.00,0.00,0.00,0.00,Matches,,,,,,,,,,,,,,,,,,,,,,,,,,,365,tr TUR,MF,Gençlerbirliği,32-254,1994,0.7,0,0,0,,0.00,0.00,,,0,0,Matches,428,tr TUR,MF,Gençlerbirliği,32-254,1994,4,61,15,13.6,0.7,0,,0,4,15,1,1.00,0,2,-2,-2.95,-2.49,Matches,365,tr TUR,MF,Gençlerbirliği,32-254,1994,0.7,0,0,0,1,1,0,1,0,1,,,0,Matches
366,Lesley Ugochukwu,fr FRA,MF,Galatasaray,22-175,2004,3,0,40,0.4,0,0,0,0,0,0,0,0,0.00,0.00,0.00,0.00,0.00,Matches,,,,,,,,,,,,,,,,,,,,,,,,,,,366,fr FRA,MF,Galatasaray,22-175,2004,0.4,0,1,0,0.0,2.25,0.00,0.00,,0,0,Matches,429,fr FRA,MF,Galatasaray,22-175,2004,3,40,13,8.9,0.4,0,,0,3,13,2,3.00,1,0,+1,+2.25,+0.93,Matches,366,fr FRA,MF,Galatasaray,22-175,2004,0.4,0,0,0,0,2,0,0,0,0,,,0,Matches
367,Hwang Ui-jo,kr KOR,FW,Alanyaspor,34-020,1992,5,3,216,2.4,0,0,0,0,0,0,0,0,0.00,0.00,0.00,0.00,0.00,Matches,,,,,,,,,,,,,,,,,,,,,,,,,,,367,kr KOR,FW,Alanyaspor,34-020,1992,2.4,0,5,1,20.0,2.08,0.42,0.00,0.00,0,0,Matches,430,kr KOR,FW,Alanyaspor,34-020,1992,5,216,43,48.0,2.4,3,68,0,2,6,0,1.60,2,2,0,0.00,-0.38,Matches,367,kr KOR,FW,Alanyaspor,34-020,1992,2.4,0,0,0,4,4,2,2,1,0,,,0,Matches
368,Oğulcan Ülgün,tr TUR,"MF,FW",Gençlerbirliği,28-129,1998,5,5,379,4.2,1,1,2,1,0,0,1,0,0.24,0.24,0.47,0.24,0.47,Matches,,,,,,,,,,,,,,,,,,,,,,,,,,,368,tr TUR,"MF,FW",Gençlerbirliği,28-129,1998,4.2,1,4,2,50.0,0.95,0.47,0.25,0.50,0,0,Matches,431,tr TUR,"MF,FW",Gençlerbirliği,28-129,1998,5,379,76,84.2,4.2,5,76,1,0,,0,1.40,5,7,-2,-0.47,+2.06,Matches,368,tr TUR,"MF,FW",Gençlerbirliği,28-129,1998,4.2,1,0,0,5,5,0,8,2,1,,,0,Matches
369,Talha Ulvan,be BEL,DF,Eyüpspor,25-150,2001,5,5,436,4.8,0,0,0,0,0,0,1,0,0.00,0.00,0.00,0.00,0.00,Matches,,,,,,,,,,,,,,,,,,,,,,,,,,,369,be BEL,DF,Eyüpspor,25-150,2001,4.8,0,1,0,0.0,0.21,0.00,0.00,,0,0,Matches,432,be BEL,DF,Eyüpspor,25-150,2001,5,436,87,96.9,4.8,5,87,4,0,,0,0.60,2,7,-5,-1.03,+5.40,Matches,369,be BEL,DF,Eyüpspor,25-150,2001,4.8,1,0,0,9,2,0,14,4,3,,,0,Matches
370,Cengiz Ünder,tr TUR,MF,Yeni Çorumspor,29-065,1997,3,2,183,2.0,2,1,3,2,0,0,1,0,0.98,0.49,1.48,0.98,1.48,Matches,,,,,,,,,,,,,,,,,,,,,,,,,,,370,tr TUR,MF,Yeni Çorumspor,29-065,1997,2.0,2,6,5,83.3,2.95,2.46,0.33,0.40,0,0,Matches,433,tr TUR,MF,Yeni Çorumspor,29-065,1997,3,183,61,40.7,2.0,2,69,0,1,45,0,2.00,7,5,+2,+0.98,+0.98,Matches,370,tr TUR,MF,Yeni Çorumspor,29-065,1997,2.0,1,0,0,1,4,0,7,1,1,,,0,Matches
371,Arda Usluoğlu,tr TUR,FW,Alanyaspor,19-340,2006,4,4,263,2.9,1,0,1,1,0,0,0,0,0.34,0.00,0.34,0.34,0.34,Matches,,,,,,,,,,,,,,,,,,,,,,,,,,,371,tr TUR,FW,Alanyaspor,19-340,2006,2.9,1,5,2,40.0,1.71,0.68,0.20,0.50,0,0,Matches,435,tr TUR,FW,Alanyaspor,19-340,2006,4,263,66,58.4,2.9,4,66,0,0,,1,1.75,2,2,0,0.00,-0.48,Matches,371,tr TUR,FW,Alanyaspor,19-340,2006,2.9,0,0,0,13,8,1,1,0,1,,,0,Matches
372,Cem Üstündag,at AUT,MF,Amedspor,25-240,2001,3,2,136,1.5,0,0,0,0,0,0,0,0,0.00,0.00,0.00,0.00,0.00,Matches,,,,,,,,,,,,,,,,,,,,,,,,,,,372,at AUT,MF,Amedspor,25-240,2001,1.5,0,0,0,,0.00,0.00,,,0,0,Matches,437,at AUT,MF,Amedspor,25-240,2001,3,136,45,30.2,1.5,2,65,0,1,6,2,2.00,2,1,+1,+0.66,-1.06,Matches,372,at AUT,MF,Amedspor,25-240,2001,1.5,0,0,0,1,2,0,1,1,6,,,0,Matches
373,Fıratcan Üzüm,,DF,Gençlerbirliği,27-105,1999,4,1,83,0.9,0,0,0,0,0,0,0,0,0.00,0.00,0.00,0.00,0.00,Matches,,,,,,,,,,,,,,,,,,,,,,,,,,,373,,DF,Gençlerbirliği,27-105,1999,0.9,0,1,0,0.0,1.08,0.00,0.00,,0,0,Matches,438,,DF,Gençlerbirliği,27-105,1999,4,83,21,18.4,0.9,1,45,0,3,13,1,1.50,0,5,-5,-5.42,-5.67,Matches,373,,DF,Gençlerbirliği,27-105,1999,0.9,0,0,0,2,2,0,0,3,4,,,0,Matches
374,Dal Varesanovic,ba BIH,MF,Rizespor,25-117,2001,4,1,113,1.3,0,0,0,0,0,0,1,0,0.00,0.00,0.00,0.00,0.00,Matches,,,,,,,,,,,,,,,,,,,,,,,,,,,374,ba BIH,MF,Rizespor,25-117,2001,1.3,0,4,1,25.0,3.19,0.80,0.00,0.00,0,0,Matches,439,ba BIH,MF,Rizespor,25-117,2001,4,113,28,25.1,1.3,1,67,0,3,15,1,1.50,0,1,-1,-0.80,-1.33,Matches,374,ba BIH,MF,Rizespor,25-117,2001,1.3,1,0,0,3,1,1,4,0,2,,,0,Matches
375,Paulo Victor Vidotti,br BRA,GK,Alanyaspor,39-248,1987,5,5,450,5.0,0,0,0,0,0,0,0,0,0.00,0.00,0.00,0.00,0.00,Matches,23.0,br BRA,GK,Alanyaspor,39-248,1987.0,5.0,5.0,450.0,5.0,5.0,1.0,24.0,19.0,79.2,2.0,2.0,1.0,2.0,40.0,1.0,1.0,0.0,0.0,0.0,Matches,375,br BRA,GK,Alanyaspor,39-248,1987,5.0,0,0,0,,0.00,0.00,,,0,0,Matches,440,br BRA,GK,Alanyaspor,39-248,1987,5,450,90,100.0,5.0,5,90,5,0,,0,1.60,6,5,+1,+0.20,,Matches,375,br BRA,GK,Alanyaspor,39-248,1987,5.0,0,0,0,0,0,0,0,0,1,,,0,Matches
376,Dušan Vlahović,rs SRB,FW,Beşiktaş,26-232,2000,3,2,188,2.1,4,0,4,3,1,1,2,0,1.91,0.00,1.91,1.44,1.44,Matches,,,,,,,,,,,,,,,,,,,,,,,,,,,376,rs SRB,FW,Beşiktaş,26-232,2000,2.1,4,9,8,88.9,4.31,3.83,0.44,0.50,1,1,Matches,441,rs SRB,FW,Beşiktaş,26-232,2000,3,188,63,41.8,2.1,2,77,0,1,34,0,2.00,6,3,+3,+1.44,-0.28,Matches,376,rs SRB,FW,Beşiktaş,26-232,2000,2.1,2,0,0,5,1,3,1,0,0,,,0,Matches
377,Elliot Watt,sct SCO,MF,Samsunspor,26-190,2000,2,2,180,2.0,0,0,0,0,0,0,0,0,0.00,0.00,0.00,0.00,0.00,Matches,,,,,,,,,,,,,,,,,,,,,,,,,,,377,sct SCO,MF,Samsunspor,26-190,2000,2.0,0,0,0,,0.00,0.00,,,0,0,Matches,442,sct SCO,MF,Samsunspor,26-190,2000,2,180,90,40.0,2.0,2,90,2,0,,0,1.50,2,2,0,0.00,+1.67,Matches,377,sct SCO,MF,Samsunspor,26-190,2000,2.0,0,0,0,3,2,0,3,1,0,,,0,Matches
378,Cláudio Winck,br BRA,DF,Kasımpaşa,32-155,1994,5,5,444,4.9,0,2,2,0,0,0,2,0,0.00,0.41,0.41,0.00,0.41,Matches,,,,,,,,,,,,,,,,,,,,,,,,,,,378,br BRA,DF,Kasımpaşa,32-155,1994,4.9,0,9,2,22.2,1.82,0.41,0.00,0.00,0,0,Matches,443,br BRA,DF,Kasımpaşa,32-155,1994,5,444,89,98.7,4.9,5,89,4,0,,0,1.80,7,5,+2,+0.41,+0.41,Matches,378,br BRA,DF,Kasımpaşa,32-155,1994,4.9,2,0,0,8,8,0,8,6,7,,,0,Matches
379,Güven Yalçın,tr TUR,"MF,FW",Kasımpaşa,27-242,1999,5,4,304,3.4,2,0,2,2,0,0,2,0,0.59,0.00,0.59,0.59,0.59,Matches,,,,,,,,,,,,,,,,,,,,,,,,,,,379,tr TUR,"MF,FW",Kasımpaşa,27-242,1999,3.4,2,7,2,28.6,2.07,0.59,0.29,1.00,0,0,Matches,445,tr TUR,"MF,FW",Kasımpaşa,27-242,1999,5,304,61,67.6,3.4,4,69,1,1,30,0,1.80,6,4,+2,+0.59,+0.59,Matches,379,tr TUR,"MF,FW",Kasımpaşa,27-242,1999,3.4,2,0,0,4,4,0,4,1,3,,,0,Matches
380,Jawad El Yamiq,ma MAR,DF,Eyüpspor,34-200,1992,5,5,405,4.5,0,0,0,0,0,0,0,0,0.00,0.00,0.00,0.00,0.00,Matches,,,,,,,,,,,,,,,,,,,,,,,,,,,380,ma MAR,DF,Eyüpspor,34-200,1992,4.5,0,8,2,25.0,1.78,0.44,0.00,0.00,0,0,Matches,446,ma MAR,DF,Eyüpspor,34-200,1992,5,405,81,90.0,4.5,5,81,4,0,,0,0.60,2,7,-5,-1.11,+0.89,Matches,380,ma MAR,DF,Eyüpspor,34-200,1992,4.5,0,0,0,3,2,0,1,6,3,,,0,Matches
381,Arda Yavuz,,DF,Eyüpspor,20-120,2006,2,0,16,0.2,0,0,0,0,0,0,0,0,0.00,0.00,0.00,0.00,0.00,Matches,,,,,,,,,,,,,,,,,,,,,,,,,,,381,,DF,Eyüpspor,20-120,2006,0.2,0,0,0,,0.00,0.00,,,0,0,Matches,448,,DF,Eyüpspor,20-120,2006,2,16,8,3.6,0.2,0,,0,2,8,3,0.00,0,1,-1,-5.63,-4.59,Matches,381,,DF,Eyüpspor,20-120,2006,0.2,0,0,0,0,0,0,0,0,0,,,0,Matches
382,Ali Yavuz Kol,tr TUR,MF,Kasımpaşa,25-231,2001,4,2,270,3.0,0,0,0,0,0,0,1,0,0.00,0.00,0.00,0.00,0.00,Matches,,,,,,,,,,,,,,,,,,,,,,,,,,,382,tr TUR,MF,Kasımpaşa,25-231,2001,3.0,0,8,1,12.5,2.67,0.33,0.00,0.00,0,0,Matches,449,tr TUR,MF,Kasımpaşa,25-231,2001,4,270,68,60.0,3.0,2,90,2,2,45,1,2.00,5,3,+2,+0.67,+0.67,Matches,382,tr TUR,MF,Kasımpaşa,25-231,2001,3.0,1,0,0,7,0,1,4,0,3,,,0,Matches
383,Uğurcan Yazgılı,tr TUR,"DF,MF",Konyaspor,27-161,1999,4,4,285,3.2,0,0,0,0,0,0,0,0,0.00,0.00,0.00,0.00,0.00,Matches,,,,,,,,,,,,,,,,,,,,,,,,,,,383,tr TUR,"DF,MF",Konyaspor,27-161,1999,3.2,0,1,0,0.0,0.32,0.00,0.00,,0,0,Matches,450,tr TUR,"DF,MF",Konyaspor,27-161,1999,4,285,71,63.3,3.2,4,71,1,0,,1,0.75,3,5,-2,-0.63,+0.46,Matches,383,tr TUR,"DF,MF",Konyaspor,27-161,1999,3.2,0,0,0,10,3,0,1,3,2,,,0,Matches
384,Mehmet Yeşil,tr TUR,DF,Amedspor,28-109,1998,4,2,170,1.9,0,1,1,0,0,0,0,0,0.00,0.53,0.53,0.00,0.53,Matches,,,,,,,,,,,,,,,,,,,,,,,,,,,384,tr TUR,DF,Amedspor,28-109,1998,1.9,0,0,0,,0.00,0.00,,,0,0,Matches,451,tr TUR,DF,Amedspor,28-109,1998,4,170,43,37.8,1.9,2,68,1,2,18,1,1.75,4,1,+3,+1.59,+0.30,Matches,384,tr TUR,DF,Amedspor,28-109,1998,1.9,0,0,0,0,2,0,0,2,2,,,0,Matches
385,Bertuğ Yıldırım,tr TUR,FW,Başakşehir,24-067,2002,3,2,164,1.8,0,0,0,0,0,0,1,0,0.00,0.00,0.00,0.00,0.00,Matches,,,,,,,,,,,,,,,,,,,,,,,,,,,385,tr TUR,FW,Başakşehir,24-067,2002,1.8,0,4,0,0.0,2.20,0.00,0.00,,0,0,Matches,452,tr TUR,FW,Başakşehir,24-067,2002,3,164,55,36.4,1.8,2,60,0,1,45,2,1.00,3,5,-2,-1.10,-0.15,Matches,385,tr TUR,FW,Başakşehir,24-067,2002,1.8,1,0,0,5,3,0,1,0,2,,,0,Matches
386,Ege Yıldırım,,DF,Göztepe,19-152,2007,5,4,361,4.0,0,0,0,0,0,0,0,0,0.00,0.00,0.00,0.00,0.00,Matches,,,,,,,,,,,,,,,,,,,,,,,,,,,386,,DF,Göztepe,19-152,2007,4.0,0,3,1,33.3,0.75,0.25,0.00,0.00,0,0,Matches,453,,DF,Göztepe,19-152,2007,5,361,72,80.2,4.0,4,79,3,1,46,0,0.40,7,13,-6,-1.50,-3.52,Matches,386,,DF,Göztepe,19-152,2007,4.0,0,0,0,2,0,0,1,5,2,,,0,Matches
387,Jankat Yilmaz,tr TUR,GK,Galatasaray,22-032,2004,1,1,90,1.0,0,0,0,0,0,0,0,0,0.00,0.00,0.00,0.00,0.00,Matches,24.0,tr TUR,GK,Galatasaray,22-032,2004.0,1.0,1.0,90.0,1.0,2.0,2.0,4.0,2.0,50.0,1.0,0.0,0.0,0.0,0.0,0.0,0.0,0.0,0.0,,Matches,387,tr TUR,GK,Galatasaray,22-032,2004,1.0,0,0,0,,0.00,0.00,,,0,0,Matches,456,tr TUR,GK,Galatasaray,22-032,2004,1,90,90,20.0,1.0,1,90,1,0,,4,3.00,3,2,+1,+1.00,-0.50,Matches,387,tr TUR,GK,Galatasaray,22-032,2004,1.0,0,0,0,0,0,0,0,0,0,,,0,Matches
388,Kartal Yılmaz,tr TUR,MF,Beşiktaş,25-317,2000,1,0,21,0.2,0,0,0,0,0,0,0,0,0.00,0.00,0.00,0.00,0.00,Matches,,,,,,,,,,,,,,,,,,,,,,,,,,,388,tr TUR,MF,Beşiktaş,25-317,2000,0.2,0,0,0,,0.00,0.00,,,0,0,Matches,457,tr TUR,MF,Beşiktaş,25-317,2000,1,21,21,4.7,0.2,0,,0,1,21,4,3.00,1,0,+1,+4.29,+2.82,Matches,388,tr TUR,MF,Beşiktaş,25-317,2000,0.2,0,0,0,0,0,0,2,0,0,,,0,Matches
389,Rıdvan Yılmaz,tr TUR,DF,Beşiktaş,25-119,2001,4,4,278,3.1,1,0,1,1,0,0,0,0,0.32,0.00,0.32,0.32,0.32,Matches,,,,,,,,,,,,,,,,,,,,,,,,,,,389,tr TUR,DF,Beşiktaş,25-119,2001,3.1,1,4,1,25.0,1.29,0.32,0.25,1.00,0,0,Matches,458,tr TUR,DF,Beşiktaş,25-119,2001,4,278,70,61.8,3.1,4,70,1,0,,0,2.25,8,3,+5,+1.62,+0.05,Matches,389,tr TUR,DF,Beşiktaş,25-119,2001,3.1,0,0,0,0,3,0,13,2,3,,,0,Matches
390,İsmail Yüksek,tr TUR,MF,Fenerbahçe,27-234,1999,5,2,206,2.3,0,0,0,0,0,0,0,0,0.00,0.00,0.00,0.00,0.00,Matches,,,,,,,,,,,,,,,,,,,,,,,,,,,390,tr TUR,MF,Fenerbahçe,27-234,1999,2.3,0,7,3,42.9,3.06,1.31,0.00,0.00,0,0,Matches,459,tr TUR,MF,Fenerbahçe,27-234,1999,5,206,41,45.8,2.3,2,72,0,3,21,0,1.40,1,3,-2,-0.87,-2.35,Matches,390,tr TUR,MF,Fenerbahçe,27-234,1999,2.3,0,0,0,7,4,0,0,2,7,,,0,Matches
391,Celil Yüksel,tr TUR,MF,Samsunspor,28-259,1998,5,5,445,4.9,1,0,1,1,0,0,0,0,0.20,0.00,0.20,0.20,0.20,Matches,,,,,,,,,,,,,,,,,,,,,,,,,,,391,tr TUR,MF,Samsunspor,28-259,1998,4.9,1,9,3,33.3,1.82,0.61,0.11,0.33,0,0,Matches,460,tr TUR,MF,Samsunspor,28-259,1998,5,445,89,98.9,4.9,5,89,4,0,,0,0.80,6,11,-5,-1.01,-1.01,Matches,391,tr TUR,MF,Samsunspor,28-259,1998,4.9,0,0,0,5,11,0,8,8,6,,,0,Matches
392,Mustafa Yumlu,tr TUR,DF,Erzurum BB,38-357,1987,3,3,270,3.0,0,0,0,0,0,0,1,0,0.00,0.00,0.00,0.00,0.00,Matches,,,,,,,,,,,,,,,,,,,,,,,,,,,392,tr TUR,DF,Erzurum BB,38-357,1987,3.0,0,2,0,0.0,0.67,0.00,0.00,,0,0,Matches,461,tr TUR,DF,Erzurum BB,38-357,1987,3,270,90,60.0,3.0,3,90,3,0,,2,1.33,2,4,-2,-0.67,+2.83,Matches,392,tr TUR,DF,Erzurum BB,38-357,1987,3.0,1,0,0,1,1,0,0,1,1,,,0,Matches
393,Tanguy Zoukrou,fr FRA,DF,Kocaelispor,23-133,2003,5,5,414,4.6,0,0,0,0,0,0,1,0,0.00,0.00,0.00,0.00,0.00,Matches,,,,,,,,,,,,,,,,,,,,,,,,,,,393,fr FRA,DF,Kocaelispor,23-133,2003,4.6,0,1,0,0.0,0.22,0.00,0.00,,0,0,Matches,462,fr FRA,DF,Kocaelispor,23-133,2003,5,414,83,92.0,4.6,5,83,3,0,,0,1.80,3,4,-1,-0.22,-5.22,Matches,393,fr FRA,DF,Kocaelispor,23-133,2003,4.6,1,0,0,8,1,0,0,4,3,,,1,Matches
394,Žan Žužek,si SVN,DF,Gençlerbirliği,29-234,1997,3,3,270,3.0,0,0,0,0,0,0,0,0,0.00,0.00,0.00,0.00,0.00,Matches,,,,,,,,,,,,,,,,,,,,,,,,,,,394,si SVN,DF,Gençlerbirliği,29-234,1997,3.0,0,3,0,0.0,1.00,0.00,0.00,,0,0,Matches,463,si SVN,DF,Gençlerbirliği,29-234,1997,3,270,90,60.0,3.0,3,90,3,0,,0,2.33,4,2,+2,+0.67,+3.67,Matches,394,si SVN,DF,Gençlerbirliği,29-234,1997,3.0,0,0,0,4,2,0,0,5,0,,,0,Matches
